문의번호,접수일시,접수월,접수요일,접수시간대,문의채널,문의유형,우선순위,처리상태,처리담당자,처리시간(분),고객만족도
INQ-2024108,2024-01-01 12:07,2024-01,월,12시,전화,서비스불만,보통,대기,장현석,,
INQ-2024395,2024-01-02 01:58,2024-01,화,01시,전화,상품문의,낮음,처리중,김민지,,
INQ-2024113,2024-01-02 05:07,2024-01,화,05시,전화,반품/교환,낮음,처리완료,최현우,49.0,5.0
INQ-2024180,2024-01-02 16:17,2024-01,화,16시,채팅,배송문의,보통,처리완료,윤지아,5.0,3.0
INQ-2024951,2024-01-03 05:48,2024-01,수,05시,채팅,배송문의,보통,처리완료,최현우,22.0,4.0
INQ-2024496,2024-01-03 05:55,2024-01,수,05시,전화,상품문의,보통,처리완료,이재원,6.0,3.0
INQ-2024421,2024-01-03 09:58,2024-01,수,09시,전화,결제문의,보통,대기,박소연,,
INQ-2024620,2024-01-03 20:55,2024-01,수,20시,이메일,상품문의,보통,처리완료,장현석,4.0,4.0
INQ-2024044,2024-01-04 05:43,2024-01,목,05시,채팅,배송문의,보통,처리완료,이재원,22.0,5.0
INQ-2024209,2024-01-04 13:13,2024-01,목,13시,전화,배송문의,낮음,처리중,장현석,,
INQ-2024818,2024-01-04 13:21,2024-01,목,13시,전화,상품문의,보통,처리완료,이재원,5.0,4.0
INQ-2024319,2024-01-04 18:04,2024-01,목,18시,이메일,서비스불만,높음,재문의,한승호,24.0,
INQ-2024191,2024-01-05 23:57,2024-01,금,23시,이메일,반품/교환,높음,대기,장현석,,
INQ-2024283,2024-01-08 04:44,2024-01,월,04시,채팅,반품/교환,낮음,처리완료,이재원,41.0,3.0
INQ-2024148,2024-01-09 15:52,2024-01,화,15시,카카오톡,반품/교환,보통,처리완료,이재원,53.0,5.0
INQ-2024186,2024-01-09 17:54,2024-01,화,17시,전화,계정문의,보통,대기,장현석,,
INQ-2024332,2024-01-09 18:55,2024-01,화,18시,이메일,결제문의,보통,처리완료,김민지,13.0,5.0
INQ-2024440,2024-01-09 20:32,2024-01,화,20시,카카오톡,배송문의,보통,처리완료,한승호,16.0,5.0
INQ-2024342,2024-01-10 00:35,2024-01,수,00시,카카오톡,배송문의,보통,재문의,한승호,16.0,
INQ-2024019,2024-01-10 03:49,2024-01,수,03시,이메일,결제문의,높음,처리완료,윤지아,13.0,2.0
INQ-2024084,2024-01-10 10:54,2024-01,수,10시,이메일,반품/교환,높음,재문의,최현우,11.0,
INQ-2024756,2024-01-10 13:02,2024-01,수,13시,카카오톡,반품/교환,낮음,처리완료,최현우,8.0,5.0
INQ-2024697,2024-01-10 13:23,2024-01,수,13시,이메일,반품/교환,보통,처리완료,장현석,24.0,4.0
INQ-2024265,2024-01-11 15:56,2024-01,목,15시,채팅,결제문의,보통,재문의,박소연,1.0,
INQ-2024542,2024-01-11 17:00,2024-01,목,17시,카카오톡,결제문의,보통,처리중,정다은,,
INQ-2024679,2024-01-12 03:57,2024-01,금,03시,전화,서비스불만,보통,재문의,박소연,69.0,
INQ-2024851,2024-01-12 09:12,2024-01,금,09시,채팅,배송문의,낮음,처리완료,김민지,7.0,2.0
INQ-2024277,2024-01-12 15:53,2024-01,금,15시,카카오톡,결제문의,보통,처리완료,최현우,20.0,3.0
INQ-2024267,2024-01-12 16:24,2024-01,금,16시,이메일,배송문의,낮음,처리중,이재원,,
INQ-2024630,2024-01-12 20:42,2024-01,금,20시,전화,배송문의,낮음,처리완료,정다은,22.0,5.0
INQ-2024937,2024-01-13 13:14,2024-01,토,13시,앱,계정문의,낮음,처리완료,이재원,20.0,4.0
INQ-2024797,2024-01-13 13:51,2024-01,토,13시,이메일,반품/교환,낮음,처리완료,김민지,32.0,3.0
INQ-2024059,2024-01-13 15:09,2024-01,토,15시,채팅,계정문의,낮음,처리완료,이재원,45.0,4.0
INQ-2024328,2024-01-14 20:27,2024-01,일,20시,카카오톡,반품/교환,낮음,처리완료,김민지,44.0,3.0
INQ-2024889,2024-01-16 02:48,2024-01,화,02시,이메일,배송문의,보통,처리중,이재원,,
INQ-2024263,2024-01-16 05:22,2024-01,화,05시,이메일,결제문의,높음,재문의,김민지,24.0,
INQ-2024443,2024-01-16 20:57,2024-01,화,20시,카카오톡,결제문의,높음,처리완료,이재원,13.0,2.0
INQ-2024658,2024-01-17 01:55,2024-01,수,01시,카카오톡,상품문의,보통,처리완료,윤지아,17.0,5.0
INQ-2024799,2024-01-17 05:15,2024-01,수,05시,전화,배송문의,높음,처리중,정다은,,
INQ-2024107,2024-01-17 06:09,2024-01,수,06시,전화,반품/교환,낮음,처리중,장현석,,
INQ-2024132,2024-01-19 00:54,2024-01,금,00시,카카오톡,배송문의,보통,처리중,윤지아,,
INQ-2024692,2024-01-19 04:41,2024-01,금,04시,채팅,상품문의,보통,처리완료,장현석,12.0,3.0
INQ-2024390,2024-01-19 18:30,2024-01,금,18시,채팅,상품문의,낮음,처리완료,한승호,4.0,2.0
INQ-2025000,2024-01-20 21:54,2024-01,토,21시,전화,배송문의,낮음,처리완료,장현석,4.0,4.0
INQ-2024847,2024-01-21 05:14,2024-01,일,05시,앱,기타,보통,처리완료,박소연,20.0,4.0
INQ-2024032,2024-01-21 17:14,2024-01,일,17시,채팅,반품/교환,보통,처리완료,한승호,33.0,4.0
INQ-2024041,2024-01-21 18:13,2024-01,일,18시,전화,반품/교환,보통,처리완료,정다은,39.0,4.0
INQ-2024251,2024-01-22 03:35,2024-01,월,03시,전화,배송문의,낮음,처리중,이재원,,
INQ-2024837,2024-01-22 05:56,2024-01,월,05시,전화,반품/교환,보통,재문의,한승호,39.0,
INQ-2024200,2024-01-22 07:08,2024-01,월,07시,전화,배송문의,높음,처리완료,이재원,10.0,3.0
INQ-2024908,2024-01-22 07:36,2024-01,월,07시,이메일,계정문의,보통,처리완료,김민지,22.0,2.0
INQ-2024480,2024-01-22 12:33,2024-01,월,12시,이메일,상품문의,낮음,처리완료,최현우,12.0,3.0
INQ-2024623,2024-01-23 13:51,2024-01,화,13시,전화,배송문의,보통,처리중,한승호,,
INQ-2024484,2024-01-23 17:38,2024-01,화,17시,전화,배송문의,보통,처리완료,최현우,16.0,4.0
INQ-2024733,2024-01-23 21:05,2024-01,화,21시,전화,배송문의,보통,처리완료,장현석,22.0,4.0
INQ-2024206,2024-01-23 22:26,2024-01,화,22시,채팅,배송문의,높음,처리완료,장현석,1.0,4.0
INQ-2024745,2024-01-24 14:16,2024-01,수,14시,전화,상품문의,높음,처리완료,이재원,8.0,5.0
INQ-2024621,2024-01-24 20:52,2024-01,수,20시,전화,계정문의,보통,처리완료,한승호,15.0,5.0
INQ-2024493,2024-01-25 08:13,2024-01,목,08시,채팅,배송문의,높음,처리완료,박소연,12.0,4.0
INQ-2024915,2024-01-25 13:06,2024-01,목,13시,채팅,상품문의,높음,처리완료,이재원,10.0,3.0
INQ-2024616,2024-01-25 17:57,2024-01,목,17시,채팅,계정문의,낮음,처리완료,박소연,35.0,4.0
INQ-2024558,2024-01-25 22:25,2024-01,목,22시,전화,결제문의,보통,처리완료,윤지아,21.0,4.0
INQ-2024454,2024-01-26 05:08,2024-01,금,05시,카카오톡,서비스불만,높음,처리완료,윤지아,27.0,4.0
INQ-2024442,2024-01-26 05:45,2024-01,금,05시,카카오톡,상품문의,높음,처리완료,장현석,5.0,5.0
INQ-2024768,2024-01-26 18:39,2024-01,금,18시,이메일,결제문의,높음,처리완료,이재원,29.0,4.0
INQ-2024595,2024-01-26 22:32,2024-01,금,22시,카카오톡,반품/교환,낮음,처리완료,정다은,60.0,5.0
INQ-2024447,2024-01-27 04:41,2024-01,토,04시,전화,결제문의,보통,처리완료,장현석,17.0,4.0
INQ-2024335,2024-01-27 10:16,2024-01,토,10시,채팅,배송문의,보통,처리완료,김민지,22.0,4.0
INQ-2024064,2024-01-28 06:44,2024-01,일,06시,전화,상품문의,높음,처리완료,장현석,7.0,4.0
INQ-2024261,2024-01-28 07:13,2024-01,일,07시,이메일,배송문의,높음,재문의,박소연,19.0,
INQ-2024646,2024-01-29 06:10,2024-01,월,06시,전화,서비스불만,높음,처리완료,장현석,21.0,3.0
INQ-2024550,2024-01-29 15:17,2024-01,월,15시,카카오톡,배송문의,낮음,대기,이재원,,
INQ-2024011,2024-01-29 22:11,2024-01,월,22시,앱,배송문의,낮음,처리완료,한승호,2.0,4.0
INQ-2024393,2024-01-29 22:39,2024-01,월,22시,채팅,결제문의,보통,재문의,최현우,17.0,
INQ-2024754,2024-01-30 00:51,2024-01,화,00시,카카오톡,서비스불만,낮음,처리완료,정다은,61.0,4.0
INQ-2024334,2024-01-30 16:42,2024-01,화,16시,전화,결제문의,보통,처리완료,정다은,45.0,3.0
INQ-2024129,2024-01-30 23:24,2024-01,화,23시,이메일,반품/교환,높음,처리중,최현우,,
INQ-2024162,2024-01-31 07:15,2024-01,수,07시,카카오톡,계정문의,보통,처리중,한승호,,
INQ-2024876,2024-02-02 03:06,2024-02,금,03시,이메일,배송문의,보통,처리중,한승호,,
INQ-2024371,2024-02-02 08:37,2024-02,금,08시,이메일,결제문의,높음,처리완료,박소연,6.0,4.0
INQ-2024632,2024-02-02 14:10,2024-02,금,14시,채팅,상품문의,높음,처리완료,장현석,4.0,4.0
INQ-2024287,2024-02-02 20:20,2024-02,금,20시,카카오톡,반품/교환,보통,대기,장현석,,
INQ-2024201,2024-02-04 08:57,2024-02,일,08시,전화,결제문의,낮음,처리완료,이재원,27.0,4.0
INQ-2024437,2024-02-04 18:15,2024-02,일,18시,이메일,배송문의,보통,처리완료,정다은,23.0,3.0
INQ-2024760,2024-02-05 07:52,2024-02,월,07시,채팅,계정문의,낮음,재문의,장현석,25.0,
INQ-2024207,2024-02-05 09:54,2024-02,월,09시,이메일,배송문의,높음,대기,정다은,,
INQ-2024810,2024-02-05 09:55,2024-02,월,09시,카카오톡,결제문의,높음,처리완료,윤지아,11.0,3.0
INQ-2024647,2024-02-05 19:45,2024-02,월,19시,이메일,서비스불만,낮음,재문의,김민지,8.0,
INQ-2024127,2024-02-06 05:50,2024-02,화,05시,채팅,배송문의,보통,처리완료,한승호,13.0,5.0
INQ-2024258,2024-02-06 13:33,2024-02,화,13시,이메일,배송문의,낮음,처리완료,장현석,11.0,4.0
INQ-2024062,2024-02-07 01:26,2024-02,수,01시,전화,서비스불만,보통,처리완료,최현우,56.0,4.0
INQ-2024418,2024-02-07 04:22,2024-02,수,04시,카카오톡,반품/교환,높음,처리완료,정다은,52.0,4.0
INQ-2024292,2024-02-07 12:14,2024-02,수,12시,전화,반품/교환,보통,처리중,이재원,,
INQ-2024742,2024-02-07 13:13,2024-02,수,13시,전화,반품/교환,보통,처리완료,김민지,29.0,5.0
INQ-2024728,2024-02-07 16:39,2024-02,수,16시,채팅,계정문의,보통,처리완료,김민지,21.0,5.0
INQ-2024757,2024-02-08 09:33,2024-02,목,09시,앱,상품문의,낮음,처리중,정다은,,
INQ-2024271,2024-02-08 17:18,2024-02,목,17시,채팅,배송문의,보통,처리완료,이재원,15.0,4.0
INQ-2024774,2024-02-09 06:32,2024-02,금,06시,카카오톡,배송문의,보통,처리완료,최현우,7.0,5.0
INQ-2024331,2024-02-09 08:54,2024-02,금,08시,전화,배송문의,보통,처리중,윤지아,,
INQ-2024643,2024-02-09 12:38,2024-02,금,12시,카카오톡,배송문의,낮음,처리중,최현우,,
INQ-2024121,2024-02-09 22:58,2024-02,금,22시,전화,기타,높음,처리완료,김민지,15.0,4.0
INQ-2024182,2024-02-09 23:35,2024-02,금,23시,전화,반품/교환,보통,처리완료,최현우,25.0,3.0
INQ-2024659,2024-02-10 06:58,2024-02,토,06시,전화,서비스불만,보통,처리완료,정다은,40.0,2.0
INQ-2024759,2024-02-10 07:34,2024-02,토,07시,전화,계정문의,낮음,대기,박소연,,
INQ-2024115,2024-02-10 15:35,2024-02,토,15시,전화,반품/교환,보통,처리중,정다은,,
INQ-2024316,2024-02-10 16:41,2024-02,토,16시,이메일,반품/교환,보통,처리완료,장현석,16.0,3.0
INQ-2024753,2024-02-11 10:20,2024-02,일,10시,카카오톡,계정문의,높음,처리완료,정다은,15.0,4.0
INQ-2024304,2024-02-11 16:21,2024-02,일,16시,전화,반품/교환,보통,대기,박소연,,
INQ-2024046,2024-02-11 18:02,2024-02,일,18시,전화,배송문의,보통,처리중,김민지,,
INQ-2024310,2024-02-12 05:34,2024-02,월,05시,카카오톡,기타,보통,처리완료,장현석,7.0,3.0
INQ-2024770,2024-02-12 10:48,2024-02,월,10시,전화,계정문의,보통,재문의,윤지아,21.0,
INQ-2024859,2024-02-12 21:23,2024-02,월,21시,전화,배송문의,보통,처리완료,최현우,3.0,4.0
INQ-2024402,2024-02-13 14:47,2024-02,화,14시,전화,반품/교환,보통,처리완료,박소연,35.0,3.0
INQ-2024007,2024-02-13 18:36,2024-02,화,18시,채팅,반품/교환,낮음,처리완료,장현석,42.0,4.0
INQ-2024593,2024-02-13 20:05,2024-02,화,20시,카카오톡,반품/교환,낮음,처리완료,김민지,31.0,3.0
INQ-2024273,2024-02-13 21:42,2024-02,화,21시,전화,서비스불만,보통,처리중,박소연,,
INQ-2024483,2024-02-14 01:19,2024-02,수,01시,전화,반품/교환,보통,대기,최현우,,
INQ-2024259,2024-02-14 04:10,2024-02,수,04시,채팅,서비스불만,보통,처리완료,이재원,60.0,3.0
INQ-2024321,2024-02-14 22:41,2024-02,수,22시,전화,배송문의,보통,처리중,김민지,,
INQ-2024045,2024-02-15 08:15,2024-02,목,08시,전화,결제문의,낮음,처리완료,이재원,10.0,4.0
INQ-2024004,2024-02-15 10:07,2024-02,목,10시,채팅,반품/교환,높음,재문의,박소연,34.0,
INQ-2024368,2024-02-15 14:32,2024-02,목,14시,채팅,상품문의,높음,처리완료,최현우,14.0,5.0
INQ-2024645,2024-02-16 01:29,2024-02,금,01시,채팅,계정문의,높음,대기,최현우,,
INQ-2024130,2024-02-16 03:24,2024-02,금,03시,카카오톡,반품/교환,낮음,처리완료,김민지,23.0,5.0
INQ-2024624,2024-02-16 06:59,2024-02,금,06시,앱,배송문의,높음,처리완료,윤지아,3.0,4.0
INQ-2024962,2024-02-16 07:10,2024-02,금,07시,전화,계정문의,보통,처리완료,김민지,32.0,5.0
INQ-2024830,2024-02-16 07:27,2024-02,금,07시,채팅,결제문의,보통,대기,이재원,,
INQ-2024047,2024-02-16 12:27,2024-02,금,12시,이메일,결제문의,보통,처리완료,정다은,17.0,4.0
INQ-2024185,2024-02-16 17:41,2024-02,금,17시,채팅,계정문의,보통,처리중,정다은,,
INQ-2024762,2024-02-16 23:47,2024-02,금,23시,전화,반품/교환,낮음,처리완료,최현우,39.0,5.0
INQ-2024665,2024-02-17 03:57,2024-02,토,03시,이메일,기타,보통,처리완료,최현우,14.0,4.0
INQ-2024055,2024-02-17 04:33,2024-02,토,04시,전화,서비스불만,낮음,처리완료,이재원,27.0,3.0
INQ-2024495,2024-02-17 09:12,2024-02,토,09시,카카오톡,배송문의,높음,처리완료,윤지아,7.0,4.0
INQ-2024377,2024-02-18 00:46,2024-02,일,00시,앱,반품/교환,보통,대기,윤지아,,
INQ-2024080,2024-02-18 11:18,2024-02,일,11시,채팅,반품/교환,낮음,처리중,최현우,,
INQ-2024919,2024-02-18 11:58,2024-02,일,11시,카카오톡,배송문의,높음,처리중,정다은,,
INQ-2024157,2024-02-19 05:36,2024-02,월,05시,전화,반품/교환,낮음,처리중,최현우,,
INQ-2024867,2024-02-19 05:52,2024-02,월,05시,이메일,배송문의,보통,처리중,김민지,,
INQ-2024671,2024-02-19 20:11,2024-02,월,20시,채팅,반품/교환,높음,처리완료,김민지,28.0,4.0
INQ-2024578,2024-02-19 21:56,2024-02,월,21시,앱,상품문의,낮음,처리완료,최현우,15.0,5.0
INQ-2024691,2024-02-19 23:56,2024-02,월,23시,전화,기타,높음,처리완료,김민지,7.0,3.0
INQ-2024357,2024-02-20 02:05,2024-02,화,02시,이메일,배송문의,보통,처리완료,박소연,1.0,3.0
INQ-2024766,2024-02-20 05:07,2024-02,화,05시,이메일,반품/교환,보통,대기,최현우,,
INQ-2024855,2024-02-20 23:38,2024-02,화,23시,전화,상품문의,보통,처리중,이재원,,
INQ-2024003,2024-02-21 05:48,2024-02,수,05시,전화,결제문의,보통,처리완료,최현우,20.0,3.0
INQ-2024722,2024-02-21 09:13,2024-02,수,09시,채팅,계정문의,보통,처리완료,박소연,24.0,4.0
INQ-2024243,2024-02-22 19:17,2024-02,목,19시,채팅,배송문의,높음,처리완료,최현우,13.0,3.0
INQ-2024456,2024-02-22 19:49,2024-02,목,19시,전화,상품문의,보통,처리중,최현우,,
INQ-2024498,2024-02-23 02:04,2024-02,금,02시,전화,배송문의,높음,처리완료,김민지,9.0,4.0
INQ-2024568,2024-02-23 13:41,2024-02,금,13시,채팅,기타,보통,처리완료,박소연,11.0,4.0
INQ-2024466,2024-02-23 20:32,2024-02,금,20시,카카오톡,계정문의,높음,처리완료,최현우,25.0,5.0
INQ-2024672,2024-02-23 20:36,2024-02,금,20시,이메일,배송문의,보통,처리완료,정다은,17.0,3.0
INQ-2024444,2024-02-24 01:57,2024-02,토,01시,카카오톡,배송문의,보통,처리완료,윤지아,31.0,4.0
INQ-2024690,2024-02-24 13:50,2024-02,토,13시,카카오톡,결제문의,보통,처리완료,한승호,6.0,2.0
INQ-2024868,2024-02-24 22:01,2024-02,토,22시,전화,반품/교환,보통,처리완료,정다은,36.0,4.0
INQ-2024145,2024-02-25 01:45,2024-02,일,01시,이메일,계정문의,보통,처리완료,김민지,25.0,4.0
INQ-2024628,2024-02-26 01:03,2024-02,월,01시,채팅,결제문의,높음,처리완료,최현우,26.0,3.0
INQ-2024771,2024-02-26 10:38,2024-02,월,10시,카카오톡,배송문의,보통,처리완료,박소연,2.0,3.0
INQ-2024083,2024-02-26 18:55,2024-02,월,18시,채팅,반품/교환,보통,처리중,박소연,,
INQ-2024651,2024-02-26 21:32,2024-02,월,21시,채팅,상품문의,보통,처리완료,김민지,9.0,3.0
INQ-2024301,2024-02-27 00:25,2024-02,화,00시,카카오톡,계정문의,높음,대기,장현석,,
INQ-2024704,2024-02-28 19:02,2024-02,수,19시,채팅,반품/교환,낮음,처리완료,최현우,35.0,4.0
INQ-2024419,2024-02-28 19:10,2024-02,수,19시,전화,배송문의,보통,처리완료,윤지아,23.0,3.0
INQ-2024097,2024-02-29 01:11,2024-02,목,01시,전화,상품문의,낮음,처리완료,정다은,5.0,3.0
INQ-2024964,2024-02-29 17:10,2024-02,목,17시,카카오톡,결제문의,높음,처리완료,정다은,17.0,4.0
INQ-2024288,2024-02-29 21:30,2024-02,목,21시,전화,결제문의,보통,처리완료,김민지,14.0,3.0
INQ-2024695,2024-03-01 01:28,2024-03,금,01시,이메일,계정문의,낮음,처리완료,최현우,26.0,3.0
INQ-2024168,2024-03-01 06:15,2024-03,금,06시,카카오톡,반품/교환,높음,처리중,윤지아,,
INQ-2024634,2024-03-01 15:00,2024-03,금,15시,카카오톡,계정문의,낮음,처리완료,박소연,37.0,5.0
INQ-2024584,2024-03-01 21:15,2024-03,금,21시,이메일,계정문의,보통,처리완료,이재원,28.0,4.0
INQ-2024726,2024-03-02 11:44,2024-03,토,11시,전화,배송문의,높음,처리완료,정다은,7.0,3.0
INQ-2024270,2024-03-02 18:04,2024-03,토,18시,전화,결제문의,보통,처리완료,정다은,16.0,2.0
INQ-2024598,2024-03-02 18:35,2024-03,토,18시,카카오톡,상품문의,낮음,처리완료,한승호,6.0,4.0
INQ-2024337,2024-03-02 21:17,2024-03,토,21시,이메일,결제문의,높음,처리완료,박소연,16.0,4.0
INQ-2024864,2024-03-03 03:33,2024-03,일,03시,전화,결제문의,낮음,재문의,이재원,21.0,
INQ-2024425,2024-03-03 07:12,2024-03,일,07시,이메일,결제문의,보통,처리완료,박소연,41.0,5.0
INQ-2024397,2024-03-04 02:21,2024-03,월,02시,이메일,상품문의,보통,재문의,최현우,4.0,
INQ-2024997,2024-03-04 02:59,2024-03,월,02시,이메일,계정문의,보통,처리중,최현우,,
INQ-2024037,2024-03-04 13:03,2024-03,월,13시,카카오톡,기타,보통,처리완료,이재원,10.0,3.0
INQ-2024314,2024-03-05 00:47,2024-03,화,00시,카카오톡,상품문의,높음,처리중,박소연,,
INQ-2024375,2024-03-05 01:34,2024-03,화,01시,전화,반품/교환,낮음,처리완료,정다은,19.0,4.0
INQ-2024058,2024-03-06 12:27,2024-03,수,12시,전화,계정문의,낮음,처리완료,정다은,42.0,4.0
INQ-2024420,2024-03-06 15:56,2024-03,수,15시,앱,계정문의,보통,처리완료,한승호,21.0,4.0
INQ-2024294,2024-03-06 18:04,2024-03,수,18시,앱,상품문의,보통,처리완료,박소연,13.0,3.0
INQ-2024893,2024-03-06 21:59,2024-03,수,21시,이메일,배송문의,보통,처리완료,윤지아,21.0,4.0
INQ-2024492,2024-03-07 01:54,2024-03,목,01시,이메일,결제문의,보통,처리중,한승호,,
INQ-2024986,2024-03-07 02:29,2024-03,목,02시,전화,반품/교환,보통,재문의,김민지,24.0,
INQ-2024088,2024-03-07 03:09,2024-03,목,03시,전화,결제문의,높음,재문의,정다은,37.0,
INQ-2024317,2024-03-07 03:37,2024-03,목,03시,전화,서비스불만,낮음,처리완료,정다은,21.0,4.0
INQ-2024245,2024-03-07 04:57,2024-03,목,04시,채팅,서비스불만,낮음,처리중,최현우,,
INQ-2024899,2024-03-07 14:21,2024-03,목,14시,전화,계정문의,높음,처리중,이재원,,
INQ-2024412,2024-03-07 14:46,2024-03,목,14시,채팅,결제문의,보통,재문의,정다은,28.0,
INQ-2024520,2024-03-07 21:05,2024-03,목,21시,이메일,반품/교환,높음,처리완료,정다은,25.0,4.0
INQ-2024384,2024-03-07 23:32,2024-03,목,23시,이메일,배송문의,보통,처리중,박소연,,
INQ-2024922,2024-03-07 23:51,2024-03,목,23시,카카오톡,상품문의,보통,처리완료,박소연,15.0,5.0
INQ-2024167,2024-03-08 03:48,2024-03,금,03시,카카오톡,결제문의,높음,처리중,박소연,,
INQ-2024359,2024-03-08 13:03,2024-03,금,13시,전화,반품/교환,낮음,재문의,박소연,51.0,
INQ-2024106,2024-03-08 19:16,2024-03,금,19시,전화,배송문의,보통,처리완료,정다은,4.0,3.0
INQ-2024685,2024-03-09 15:06,2024-03,토,15시,이메일,반품/교환,낮음,대기,윤지아,,
INQ-2024561,2024-03-09 19:59,2024-03,토,19시,전화,배송문의,보통,처리완료,이재원,23.0,5.0
INQ-2024654,2024-03-09 20:18,2024-03,토,20시,전화,배송문의,낮음,대기,이재원,,
INQ-2024289,2024-03-09 21:15,2024-03,토,21시,전화,기타,보통,대기,최현우,,
INQ-2024564,2024-03-10 13:08,2024-03,일,13시,전화,서비스불만,낮음,처리완료,최현우,70.0,4.0
INQ-2024347,2024-03-10 14:08,2024-03,일,14시,채팅,상품문의,보통,처리중,박소연,,
INQ-2024557,2024-03-11 00:55,2024-03,월,00시,채팅,배송문의,보통,처리완료,김민지,16.0,4.0
INQ-2024649,2024-03-11 16:46,2024-03,월,16시,전화,계정문의,보통,처리완료,이재원,24.0,4.0
INQ-2024302,2024-03-11 23:58,2024-03,월,23시,카카오톡,반품/교환,높음,처리완료,한승호,37.0,5.0
INQ-2024820,2024-03-12 10:16,2024-03,화,10시,전화,계정문의,높음,처리완료,정다은,26.0,4.0
INQ-2024391,2024-03-12 12:23,2024-03,화,12시,전화,배송문의,보통,대기,김민지,,
INQ-2024455,2024-03-13 11:01,2024-03,수,11시,이메일,반품/교환,낮음,처리중,박소연,,
INQ-2024112,2024-03-13 18:55,2024-03,수,18시,전화,결제문의,보통,처리완료,최현우,1.0,5.0
INQ-2024465,2024-03-13 21:06,2024-03,수,21시,전화,상품문의,보통,재문의,이재원,11.0,
INQ-2024367,2024-03-14 06:26,2024-03,목,06시,전화,서비스불만,보통,처리완료,윤지아,43.0,4.0
INQ-2024788,2024-03-14 12:18,2024-03,목,12시,이메일,반품/교환,보통,처리완료,윤지아,21.0,4.0
INQ-2024230,2024-03-14 23:37,2024-03,목,23시,카카오톡,반품/교환,보통,처리완료,김민지,10.0,4.0
INQ-2024024,2024-03-15 06:13,2024-03,금,06시,카카오톡,결제문의,보통,처리완료,윤지아,2.0,3.0
INQ-2024220,2024-03-15 09:15,2024-03,금,09시,전화,배송문의,보통,처리완료,정다은,19.0,4.0
INQ-2024435,2024-03-15 17:12,2024-03,금,17시,이메일,상품문의,낮음,처리완료,최현우,1.0,3.0
INQ-2024884,2024-03-15 17:14,2024-03,금,17시,이메일,배송문의,보통,처리완료,한승호,26.0,4.0
INQ-2024991,2024-03-15 17:37,2024-03,금,17시,전화,배송문의,낮음,처리중,정다은,,
INQ-2024633,2024-03-15 18:13,2024-03,금,18시,전화,계정문의,낮음,처리완료,장현석,22.0,4.0
INQ-2024415,2024-03-15 18:40,2024-03,금,18시,채팅,계정문의,보통,처리중,박소연,,
INQ-2024040,2024-03-16 05:04,2024-03,토,05시,이메일,서비스불만,낮음,처리완료,최현우,75.0,5.0
INQ-2024325,2024-03-16 06:41,2024-03,토,06시,이메일,배송문의,보통,처리완료,장현석,13.0,4.0
INQ-2024006,2024-03-16 10:01,2024-03,토,10시,채팅,결제문의,보통,처리완료,이재원,13.0,4.0
INQ-2024146,2024-03-18 09:38,2024-03,월,09시,채팅,상품문의,높음,처리완료,한승호,7.0,5.0
INQ-2024482,2024-03-19 21:00,2024-03,화,21시,채팅,배송문의,낮음,처리중,한승호,,
INQ-2024635,2024-03-20 15:34,2024-03,수,15시,이메일,배송문의,보통,처리완료,김민지,11.0,3.0
INQ-2024125,2024-03-20 17:10,2024-03,수,17시,전화,배송문의,낮음,처리완료,이재원,13.0,4.0
INQ-2024958,2024-03-21 03:09,2024-03,목,03시,채팅,상품문의,낮음,처리완료,박소연,11.0,4.0
INQ-2024993,2024-03-21 07:52,2024-03,목,07시,채팅,배송문의,보통,처리완료,박소연,15.0,4.0
INQ-2024688,2024-03-21 12:13,2024-03,목,12시,전화,반품/교환,보통,처리완료,한승호,31.0,4.0
INQ-2024846,2024-03-21 20:09,2024-03,목,20시,카카오톡,서비스불만,보통,처리완료,김민지,45.0,3.0
INQ-2024360,2024-03-21 20:19,2024-03,목,20시,채팅,반품/교환,낮음,처리완료,윤지아,30.0,5.0
INQ-2024089,2024-03-23 10:10,2024-03,토,10시,채팅,배송문의,보통,대기,김민지,,
INQ-2024433,2024-03-23 16:07,2024-03,토,16시,채팅,서비스불만,낮음,처리완료,이재원,71.0,3.0
INQ-2024154,2024-03-24 01:14,2024-03,일,01시,카카오톡,반품/교환,보통,대기,박소연,,
INQ-2024943,2024-03-24 10:42,2024-03,일,10시,채팅,계정문의,보통,처리완료,장현석,28.0,3.0
INQ-2024307,2024-03-24 12:14,2024-03,일,12시,전화,결제문의,낮음,처리완료,최현우,9.0,3.0
INQ-2024724,2024-03-24 13:16,2024-03,일,13시,전화,배송문의,보통,처리완료,이재원,23.0,5.0
INQ-2024439,2024-03-24 21:43,2024-03,일,21시,카카오톡,계정문의,보통,처리완료,한승호,18.0,3.0
INQ-2024794,2024-03-25 10:04,2024-03,월,10시,전화,서비스불만,보통,재문의,장현석,30.0,
INQ-2024163,2024-03-27 02:29,2024-03,수,02시,이메일,반품/교환,낮음,대기,윤지아,,
INQ-2024610,2024-03-27 04:14,2024-03,수,04시,채팅,반품/교환,보통,재문의,한승호,54.0,
INQ-2024010,2024-03-27 08:20,2024-03,수,08시,이메일,배송문의,낮음,처리완료,윤지아,15.0,4.0
INQ-2024948,2024-03-27 14:11,2024-03,수,14시,전화,반품/교환,낮음,대기,김민지,,
INQ-2024247,2024-03-27 14:35,2024-03,수,14시,전화,배송문의,보통,처리완료,김민지,9.0,2.0
INQ-2024823,2024-03-27 17:46,2024-03,수,17시,전화,계정문의,보통,처리중,박소연,,
INQ-2024264,2024-03-27 22:00,2024-03,수,22시,채팅,반품/교환,보통,처리중,이재원,,
INQ-2024594,2024-03-28 01:37,2024-03,목,01시,채팅,반품/교환,낮음,처리중,장현석,,
INQ-2024888,2024-03-28 06:34,2024-03,목,06시,전화,배송문의,낮음,처리완료,정다은,8.0,5.0
INQ-2024438,2024-03-29 03:32,2024-03,금,03시,채팅,반품/교환,보통,대기,최현우,,
INQ-2024586,2024-03-29 06:34,2024-03,금,06시,전화,결제문의,낮음,처리완료,윤지아,30.0,5.0
INQ-2024607,2024-03-29 13:18,2024-03,금,13시,전화,상품문의,낮음,처리완료,정다은,12.0,4.0
INQ-2024541,2024-04-01 00:09,2024-04,월,00시,전화,계정문의,보통,처리완료,박소연,34.0,5.0
INQ-2024785,2024-04-01 00:10,2024-04,월,00시,이메일,배송문의,보통,처리완료,장현석,14.0,4.0
INQ-2024987,2024-04-01 02:40,2024-04,월,02시,채팅,결제문의,보통,처리완료,장현석,12.0,4.0
INQ-2024932,2024-04-01 17:21,2024-04,월,17시,채팅,배송문의,높음,처리중,윤지아,,
INQ-2024803,2024-04-02 08:33,2024-04,화,08시,앱,배송문의,높음,처리완료,김민지,23.0,4.0
INQ-2024257,2024-04-03 06:27,2024-04,수,06시,채팅,결제문의,높음,처리중,윤지아,,
INQ-2024743,2024-04-04 06:36,2024-04,목,06시,전화,상품문의,보통,처리완료,한승호,7.0,4.0
INQ-2024061,2024-04-04 11:22,2024-04,목,11시,전화,상품문의,낮음,재문의,정다은,11.0,
INQ-2024155,2024-04-05 00:28,2024-04,금,00시,전화,결제문의,낮음,처리완료,이재원,24.0,5.0
INQ-2024517,2024-04-05 10:02,2024-04,금,10시,이메일,결제문의,보통,처리완료,한승호,30.0,4.0
INQ-2024735,2024-04-05 22:22,2024-04,금,22시,전화,배송문의,낮음,처리중,정다은,,
INQ-2024536,2024-04-06 07:30,2024-04,토,07시,전화,결제문의,보통,처리완료,장현석,9.0,5.0
INQ-2024727,2024-04-06 07:45,2024-04,토,07시,채팅,상품문의,보통,처리완료,최현우,13.0,4.0
INQ-2024478,2024-04-08 01:19,2024-04,월,01시,전화,결제문의,낮음,처리완료,정다은,20.0,5.0
INQ-2024322,2024-04-08 05:18,2024-04,월,05시,전화,기타,높음,처리완료,이재원,3.0,5.0
INQ-2024912,2024-04-08 12:00,2024-04,월,12시,전화,반품/교환,낮음,처리완료,최현우,16.0,5.0
INQ-2024972,2024-04-08 14:45,2024-04,월,14시,앱,결제문의,보통,처리중,이재원,,
INQ-2024591,2024-04-08 16:52,2024-04,월,16시,카카오톡,서비스불만,높음,처리중,한승호,,
INQ-2024703,2024-04-08 20:52,2024-04,월,20시,채팅,계정문의,보통,처리완료,박소연,49.0,3.0
INQ-2024459,2024-04-09 03:07,2024-04,화,03시,전화,계정문의,보통,처리중,윤지아,,
INQ-2024169,2024-04-09 13:01,2024-04,화,13시,전화,배송문의,보통,처리완료,이재원,25.0,4.0
INQ-2024403,2024-04-09 19:26,2024-04,화,19시,채팅,반품/교환,보통,처리완료,김민지,24.0,4.0
INQ-2024017,2024-04-10 01:57,2024-04,수,01시,카카오톡,계정문의,보통,처리완료,한승호,37.0,3.0
INQ-2024702,2024-04-10 15:17,2024-04,수,15시,전화,결제문의,보통,처리완료,박소연,38.0,3.0
INQ-2024313,2024-04-10 22:01,2024-04,수,22시,카카오톡,결제문의,높음,처리완료,이재원,22.0,4.0
INQ-2024680,2024-04-11 03:00,2024-04,목,03시,이메일,상품문의,높음,처리완료,이재원,8.0,3.0
INQ-2024693,2024-04-11 19:25,2024-04,목,19시,채팅,배송문의,낮음,처리중,김민지,,
INQ-2024076,2024-04-11 19:34,2024-04,목,19시,카카오톡,상품문의,낮음,처리완료,김민지,3.0,4.0
INQ-2024067,2024-04-12 02:45,2024-04,금,02시,이메일,반품/교환,높음,처리완료,이재원,44.0,3.0
INQ-2024600,2024-04-12 05:39,2024-04,금,05시,전화,계정문의,보통,처리완료,박소연,38.0,3.0
INQ-2024242,2024-04-12 14:41,2024-04,금,14시,이메일,반품/교환,보통,처리완료,최현우,22.0,5.0
INQ-2024537,2024-04-13 06:06,2024-04,토,06시,이메일,계정문의,낮음,처리완료,김민지,56.0,3.0
INQ-2024147,2024-04-13 07:36,2024-04,토,07시,전화,기타,보통,처리완료,최현우,11.0,3.0
INQ-2024849,2024-04-13 12:45,2024-04,토,12시,전화,배송문의,낮음,처리완료,이재원,31.0,4.0
INQ-2024782,2024-04-13 20:30,2024-04,토,20시,전화,배송문의,보통,처리완료,윤지아,12.0,4.0
INQ-2024189,2024-04-13 23:17,2024-04,토,23시,이메일,결제문의,보통,처리완료,윤지아,3.0,4.0
INQ-2024801,2024-04-15 04:10,2024-04,월,04시,채팅,서비스불만,낮음,처리완료,윤지아,57.0,4.0
INQ-2024445,2024-04-15 09:48,2024-04,월,09시,채팅,배송문의,낮음,재문의,정다은,12.0,
INQ-2024596,2024-04-15 14:46,2024-04,월,14시,전화,서비스불만,낮음,처리완료,박소연,45.0,3.0
INQ-2024199,2024-04-15 15:58,2024-04,월,15시,전화,배송문의,높음,처리완료,박소연,9.0,3.0
INQ-2024274,2024-04-15 21:25,2024-04,월,21시,앱,배송문의,높음,재문의,윤지아,20.0,
INQ-2024988,2024-04-17 00:45,2024-04,수,00시,카카오톡,배송문의,보통,처리완료,윤지아,16.0,5.0
INQ-2024571,2024-04-18 04:37,2024-04,목,04시,채팅,상품문의,보통,처리완료,박소연,15.0,3.0
INQ-2024025,2024-04-18 13:06,2024-04,목,13시,채팅,서비스불만,보통,처리완료,이재원,52.0,2.0
INQ-2024095,2024-04-18 19:28,2024-04,목,19시,전화,배송문의,높음,처리완료,한승호,23.0,4.0
INQ-2024817,2024-04-18 22:25,2024-04,목,22시,이메일,배송문의,보통,처리완료,윤지아,20.0,5.0
INQ-2024477,2024-04-20 00:48,2024-04,토,00시,앱,배송문의,높음,처리중,김민지,,
INQ-2024705,2024-04-20 03:46,2024-04,토,03시,앱,배송문의,보통,재문의,김민지,18.0,
INQ-2024615,2024-04-20 10:38,2024-04,토,10시,전화,계정문의,높음,처리완료,정다은,26.0,4.0
INQ-2024789,2024-04-21 07:05,2024-04,일,07시,이메일,계정문의,높음,처리완료,장현석,33.0,4.0
INQ-2024241,2024-04-21 14:33,2024-04,일,14시,카카오톡,계정문의,낮음,처리완료,한승호,36.0,4.0
INQ-2024547,2024-04-22 12:08,2024-04,월,12시,전화,배송문의,보통,처리완료,최현우,11.0,5.0
INQ-2024150,2024-04-22 21:59,2024-04,월,21시,채팅,배송문의,보통,처리완료,윤지아,26.0,4.0
INQ-2024982,2024-04-23 01:56,2024-04,화,01시,전화,결제문의,낮음,재문의,정다은,23.0,
INQ-2024406,2024-04-23 02:10,2024-04,화,02시,채팅,반품/교환,낮음,처리중,이재원,,
INQ-2024701,2024-04-23 02:31,2024-04,화,02시,채팅,배송문의,보통,처리완료,윤지아,21.0,3.0
INQ-2024074,2024-04-23 10:13,2024-04,화,10시,채팅,상품문의,보통,대기,한승호,,
INQ-2024871,2024-04-23 12:24,2024-04,화,12시,채팅,배송문의,낮음,처리완료,이재원,22.0,5.0
INQ-2024218,2024-04-23 23:02,2024-04,화,23시,앱,상품문의,보통,처리완료,최현우,2.0,3.0
INQ-2024934,2024-04-24 01:36,2024-04,수,01시,이메일,결제문의,보통,처리완료,윤지아,19.0,4.0
INQ-2024928,2024-04-24 04:38,2024-04,수,04시,이메일,배송문의,보통,대기,최현우,,
INQ-2024361,2024-04-24 06:16,2024-04,수,06시,이메일,계정문의,낮음,처리완료,윤지아,27.0,5.0
INQ-2024791,2024-04-24 07:30,2024-04,수,07시,채팅,상품문의,낮음,처리중,박소연,,
INQ-2024811,2024-04-24 10:12,2024-04,수,10시,채팅,배송문의,낮음,처리중,김민지,,
INQ-2024472,2024-04-24 11:09,2024-04,수,11시,전화,배송문의,낮음,처리완료,이재원,23.0,4.0
INQ-2024486,2024-04-24 11:56,2024-04,수,11시,이메일,서비스불만,낮음,처리중,박소연,,
INQ-2024886,2024-04-25 06:43,2024-04,목,06시,이메일,배송문의,보통,처리중,김민지,,
INQ-2024448,2024-04-25 15:12,2024-04,목,15시,채팅,반품/교환,낮음,처리완료,이재원,19.0,3.0
INQ-2024344,2024-04-25 20:09,2024-04,목,20시,채팅,결제문의,보통,처리완료,윤지아,38.0,4.0
INQ-2024184,2024-04-25 21:08,2024-04,목,21시,전화,서비스불만,높음,처리완료,이재원,51.0,3.0
INQ-2024038,2024-04-26 01:12,2024-04,금,01시,전화,배송문의,낮음,처리완료,박소연,26.0,3.0
INQ-2024090,2024-04-26 04:52,2024-04,금,04시,전화,반품/교환,보통,처리완료,박소연,53.0,5.0
INQ-2024898,2024-04-26 17:46,2024-04,금,17시,채팅,배송문의,낮음,처리완료,장현석,3.0,4.0
INQ-2024605,2024-04-26 18:32,2024-04,금,18시,채팅,반품/교환,낮음,처리완료,장현석,33.0,3.0
INQ-2024850,2024-04-26 21:49,2024-04,금,21시,전화,결제문의,보통,처리완료,장현석,31.0,4.0
INQ-2024546,2024-04-26 23:43,2024-04,금,23시,카카오톡,반품/교환,보통,처리완료,한승호,32.0,5.0
INQ-2024249,2024-04-27 03:26,2024-04,토,03시,카카오톡,반품/교환,보통,처리완료,장현석,18.0,3.0
INQ-2024989,2024-04-27 10:09,2024-04,토,10시,전화,상품문의,낮음,처리완료,한승호,5.0,3.0
INQ-2024637,2024-04-27 13:53,2024-04,토,13시,카카오톡,계정문의,높음,처리완료,최현우,1.0,5.0
INQ-2024664,2024-04-27 20:00,2024-04,토,20시,전화,계정문의,보통,처리완료,한승호,31.0,5.0
INQ-2024906,2024-04-28 07:51,2024-04,일,07시,앱,배송문의,보통,처리완료,정다은,1.0,3.0
INQ-2024835,2024-04-28 10:23,2024-04,일,10시,전화,배송문의,높음,처리완료,박소연,10.0,3.0
INQ-2024589,2024-04-28 11:53,2024-04,일,11시,이메일,배송문의,높음,대기,최현우,,
INQ-2024575,2024-04-28 12:07,2024-04,일,12시,카카오톡,반품/교환,보통,처리중,정다은,,
INQ-2024773,2024-04-29 20:15,2024-04,월,20시,전화,서비스불만,낮음,처리완료,한승호,77.0,4.0
INQ-2024807,2024-04-30 22:24,2024-04,화,22시,전화,배송문의,보통,처리완료,김민지,3.0,4.0
INQ-2024123,2024-04-30 23:39,2024-04,화,23시,전화,배송문의,보통,재문의,김민지,18.0,
INQ-2024858,2024-05-01 05:25,2024-05,수,05시,채팅,반품/교환,보통,재문의,박소연,52.0,
INQ-2024015,2024-05-02 17:51,2024-05,목,17시,채팅,반품/교환,보통,처리완료,최현우,1.0,4.0
INQ-2024216,2024-05-03 20:06,2024-05,금,20시,이메일,상품문의,보통,처리완료,한승호,10.0,3.0
INQ-2024195,2024-05-03 23:56,2024-05,금,23시,전화,배송문의,낮음,처리중,한승호,,
INQ-2024981,2024-05-04 09:12,2024-05,토,09시,전화,서비스불만,보통,처리완료,이재원,64.0,3.0
INQ-2024208,2024-05-04 10:27,2024-05,토,10시,이메일,결제문의,낮음,처리완료,김민지,12.0,4.0
INQ-2024939,2024-05-05 14:07,2024-05,일,14시,채팅,반품/교환,높음,처리완료,박소연,52.0,5.0
INQ-2024857,2024-05-05 16:12,2024-05,일,16시,전화,반품/교환,보통,대기,윤지아,,
INQ-2024979,2024-05-05 22:54,2024-05,일,22시,카카오톡,계정문의,낮음,처리완료,장현석,26.0,3.0
INQ-2024887,2024-05-06 09:31,2024-05,월,09시,카카오톡,반품/교환,낮음,처리완료,한승호,8.0,4.0
INQ-2024469,2024-05-07 10:41,2024-05,화,10시,전화,반품/교환,보통,처리완료,한승호,35.0,3.0
INQ-2024401,2024-05-07 11:08,2024-05,화,11시,이메일,기타,보통,처리완료,최현우,12.0,3.0
INQ-2024190,2024-05-07 13:02,2024-05,화,13시,이메일,배송문의,낮음,처리완료,장현석,21.0,5.0
INQ-2024707,2024-05-07 22:23,2024-05,화,22시,카카오톡,반품/교환,낮음,처리완료,이재원,52.0,2.0
INQ-2024192,2024-05-08 02:11,2024-05,수,02시,전화,배송문의,높음,처리완료,한승호,16.0,4.0
INQ-2024668,2024-05-08 17:41,2024-05,수,17시,채팅,결제문의,낮음,처리완료,정다은,18.0,5.0
INQ-2024916,2024-05-09 09:42,2024-05,목,09시,카카오톡,서비스불만,보통,처리완료,최현우,57.0,3.0
INQ-2024512,2024-05-09 18:46,2024-05,목,18시,채팅,계정문의,낮음,대기,김민지,,
INQ-2024165,2024-05-10 13:07,2024-05,금,13시,전화,결제문의,보통,처리완료,장현석,24.0,4.0
INQ-2024556,2024-05-10 14:45,2024-05,금,14시,전화,계정문의,보통,처리중,장현석,,
INQ-2024844,2024-05-10 21:26,2024-05,금,21시,카카오톡,배송문의,높음,처리완료,한승호,8.0,5.0
INQ-2024166,2024-05-11 03:11,2024-05,토,03시,카카오톡,반품/교환,보통,처리완료,한승호,14.0,3.0
INQ-2024712,2024-05-11 15:02,2024-05,토,15시,이메일,반품/교환,낮음,재문의,이재원,44.0,
INQ-2024225,2024-05-12 13:01,2024-05,일,13시,채팅,반품/교환,보통,처리완료,이재원,33.0,3.0
INQ-2024942,2024-05-13 04:29,2024-05,월,04시,전화,반품/교환,보통,처리완료,윤지아,48.0,4.0
INQ-2024362,2024-05-13 04:50,2024-05,월,04시,전화,결제문의,보통,처리완료,김민지,17.0,5.0
INQ-2024769,2024-05-14 05:18,2024-05,화,05시,이메일,계정문의,보통,처리중,최현우,,
INQ-2024900,2024-05-14 05:30,2024-05,화,05시,이메일,반품/교환,보통,처리완료,한승호,19.0,5.0
INQ-2024122,2024-05-14 10:27,2024-05,화,10시,이메일,서비스불만,보통,대기,이재원,,
INQ-2024975,2024-05-14 16:23,2024-05,화,16시,이메일,결제문의,높음,처리중,최현우,,
INQ-2024827,2024-05-15 07:25,2024-05,수,07시,앱,결제문의,보통,처리중,정다은,,
INQ-2024188,2024-05-15 13:36,2024-05,수,13시,전화,배송문의,높음,처리중,최현우,,
INQ-2024244,2024-05-15 13:42,2024-05,수,13시,채팅,반품/교환,낮음,처리완료,박소연,29.0,5.0
INQ-2024312,2024-05-15 16:27,2024-05,수,16시,이메일,배송문의,보통,처리완료,박소연,25.0,5.0
INQ-2024239,2024-05-15 17:39,2024-05,수,17시,이메일,계정문의,보통,처리중,정다은,,
INQ-2024533,2024-05-15 22:08,2024-05,수,22시,앱,배송문의,보통,처리완료,정다은,8.0,3.0
INQ-2024910,2024-05-15 23:39,2024-05,수,23시,전화,결제문의,보통,처리완료,박소연,1.0,4.0
INQ-2024602,2024-05-16 15:36,2024-05,목,15시,전화,서비스불만,보통,처리완료,장현석,75.0,4.0
INQ-2024432,2024-05-16 22:30,2024-05,목,22시,이메일,배송문의,보통,처리완료,최현우,5.0,5.0
INQ-2024358,2024-05-17 10:16,2024-05,금,10시,앱,반품/교환,보통,처리완료,한승호,17.0,4.0
INQ-2024627,2024-05-19 06:21,2024-05,일,06시,전화,배송문의,보통,처리완료,최현우,8.0,3.0
INQ-2024378,2024-05-19 14:23,2024-05,일,14시,이메일,반품/교환,보통,처리완료,김민지,38.0,5.0
INQ-2024730,2024-05-19 16:08,2024-05,일,16시,채팅,반품/교환,낮음,처리완료,이재원,41.0,4.0
INQ-2024523,2024-05-19 21:37,2024-05,일,21시,앱,계정문의,높음,처리완료,최현우,41.0,4.0
INQ-2024196,2024-05-20 03:20,2024-05,월,03시,카카오톡,반품/교환,낮음,처리완료,장현석,33.0,3.0
INQ-2024656,2024-05-20 04:55,2024-05,월,04시,전화,배송문의,보통,처리완료,최현우,12.0,5.0
INQ-2024315,2024-05-20 07:35,2024-05,월,07시,채팅,배송문의,보통,처리완료,윤지아,17.0,4.0
INQ-2024734,2024-05-20 10:19,2024-05,월,10시,카카오톡,배송문의,보통,처리완료,정다은,15.0,4.0
INQ-2024387,2024-05-20 18:50,2024-05,월,18시,전화,반품/교환,높음,처리완료,윤지아,36.0,5.0
INQ-2024802,2024-05-20 20:45,2024-05,월,20시,전화,반품/교환,보통,처리중,박소연,,
INQ-2024636,2024-05-20 23:24,2024-05,월,23시,채팅,서비스불만,보통,재문의,윤지아,55.0,
INQ-2024170,2024-05-21 10:16,2024-05,화,10시,전화,계정문의,낮음,처리완료,박소연,19.0,3.0
INQ-2024499,2024-05-23 10:09,2024-05,목,10시,이메일,반품/교환,보통,처리완료,김민지,49.0,4.0
INQ-2024408,2024-05-23 21:48,2024-05,목,21시,전화,반품/교환,높음,재문의,장현석,44.0,
INQ-2024941,2024-05-24 03:20,2024-05,금,03시,전화,배송문의,높음,처리완료,장현석,12.0,5.0
INQ-2024805,2024-05-24 03:42,2024-05,금,03시,채팅,상품문의,보통,재문의,윤지아,8.0,
INQ-2024563,2024-05-24 08:17,2024-05,금,08시,전화,결제문의,낮음,재문의,최현우,14.0,
INQ-2024929,2024-05-24 10:49,2024-05,금,10시,채팅,배송문의,낮음,처리완료,정다은,16.0,3.0
INQ-2024549,2024-05-24 16:01,2024-05,금,16시,이메일,상품문의,보통,처리완료,이재원,10.0,4.0
INQ-2024721,2024-05-24 18:50,2024-05,금,18시,카카오톡,결제문의,보통,처리완료,김민지,30.0,4.0
INQ-2024504,2024-05-24 20:39,2024-05,금,20시,채팅,배송문의,높음,처리완료,김민지,27.0,4.0
INQ-2024574,2024-05-25 07:27,2024-05,토,07시,카카오톡,배송문의,보통,처리완료,한승호,10.0,5.0
INQ-2024086,2024-05-25 11:08,2024-05,토,11시,전화,배송문의,보통,처리완료,이재원,20.0,4.0
INQ-2024528,2024-05-26 04:31,2024-05,일,04시,이메일,배송문의,보통,처리중,윤지아,,
INQ-2024552,2024-05-26 09:09,2024-05,일,09시,이메일,계정문의,보통,처리완료,이재원,40.0,5.0
INQ-2024072,2024-05-26 17:22,2024-05,일,17시,전화,상품문의,낮음,처리완료,박소연,6.0,4.0
INQ-2024553,2024-05-26 23:24,2024-05,일,23시,전화,배송문의,낮음,대기,최현우,,
INQ-2024750,2024-05-27 08:51,2024-05,월,08시,채팅,배송문의,낮음,처리완료,이재원,11.0,3.0
INQ-2024779,2024-05-27 11:09,2024-05,월,11시,앱,상품문의,보통,처리완료,최현우,8.0,3.0
INQ-2024049,2024-05-27 21:29,2024-05,월,21시,카카오톡,배송문의,보통,처리완료,이재원,19.0,5.0
INQ-2024431,2024-05-28 01:32,2024-05,화,01시,이메일,배송문의,보통,대기,이재원,,
INQ-2024918,2024-05-28 05:19,2024-05,화,05시,전화,결제문의,높음,처리완료,한승호,26.0,4.0
INQ-2024149,2024-05-28 11:48,2024-05,화,11시,전화,반품/교환,보통,처리완료,윤지아,8.0,5.0
INQ-2024256,2024-05-28 13:58,2024-05,화,13시,채팅,계정문의,보통,처리완료,정다은,31.0,3.0
INQ-2024572,2024-05-28 17:35,2024-05,화,17시,전화,배송문의,낮음,처리완료,김민지,11.0,4.0
INQ-2024639,2024-05-28 21:26,2024-05,화,21시,카카오톡,결제문의,보통,처리완료,장현석,35.0,4.0
INQ-2024511,2024-05-29 12:51,2024-05,수,12시,이메일,계정문의,높음,처리완료,장현석,1.0,4.0
INQ-2024081,2024-05-29 19:26,2024-05,수,19시,전화,결제문의,낮음,처리완료,이재원,14.0,3.0
INQ-2024118,2024-05-29 19:27,2024-05,수,19시,이메일,배송문의,높음,처리중,장현석,,
INQ-2024675,2024-05-30 10:00,2024-05,목,10시,전화,계정문의,낮음,처리완료,한승호,28.0,4.0
INQ-2024653,2024-05-31 04:56,2024-05,금,04시,채팅,기타,높음,처리완료,한승호,12.0,5.0
INQ-2024713,2024-05-31 05:14,2024-05,금,05시,이메일,반품/교환,보통,처리완료,한승호,37.0,3.0
INQ-2024880,2024-05-31 09:08,2024-05,금,09시,카카오톡,기타,보통,처리완료,정다은,1.0,4.0
INQ-2024126,2024-05-31 09:37,2024-05,금,09시,이메일,상품문의,낮음,처리완료,이재원,10.0,4.0
INQ-2024101,2024-05-31 17:50,2024-05,금,17시,이메일,계정문의,보통,처리완료,한승호,36.0,4.0
INQ-2024767,2024-06-01 03:25,2024-06,토,03시,이메일,반품/교환,보통,재문의,이재원,19.0,
INQ-2024652,2024-06-01 05:23,2024-06,토,05시,전화,계정문의,보통,처리중,이재원,,
INQ-2024023,2024-06-01 09:24,2024-06,토,09시,이메일,배송문의,높음,처리완료,박소연,19.0,4.0
INQ-2024994,2024-06-01 22:28,2024-06,토,22시,전화,반품/교환,낮음,처리완료,장현석,2.0,4.0
INQ-2024543,2024-06-03 00:57,2024-06,월,00시,이메일,배송문의,보통,처리중,이재원,,
INQ-2024450,2024-06-03 07:08,2024-06,월,07시,전화,반품/교환,보통,처리완료,윤지아,26.0,4.0
INQ-2024698,2024-06-03 22:42,2024-06,월,22시,채팅,배송문의,보통,대기,장현석,,
INQ-2024689,2024-06-04 00:41,2024-06,화,00시,전화,반품/교환,낮음,처리완료,박소연,55.0,4.0
INQ-2024260,2024-06-04 02:43,2024-06,화,02시,전화,결제문의,높음,처리완료,박소연,11.0,5.0
INQ-2024618,2024-06-04 12:52,2024-06,화,12시,카카오톡,반품/교환,보통,처리완료,이재원,31.0,4.0
INQ-2024826,2024-06-06 05:34,2024-06,목,05시,이메일,반품/교환,보통,처리중,한승호,,
INQ-2024667,2024-06-08 03:52,2024-06,토,03시,전화,서비스불만,보통,처리완료,이재원,59.0,3.0
INQ-2024268,2024-06-08 07:06,2024-06,토,07시,카카오톡,배송문의,보통,처리완료,최현우,9.0,3.0
INQ-2024924,2024-06-09 21:43,2024-06,일,21시,전화,상품문의,보통,대기,정다은,,
INQ-2024034,2024-06-09 21:51,2024-06,일,21시,전화,반품/교환,보통,처리완료,김민지,33.0,2.0
INQ-2024872,2024-06-10 07:12,2024-06,월,07시,전화,배송문의,낮음,처리완료,한승호,31.0,5.0
INQ-2024171,2024-06-10 09:28,2024-06,월,09시,전화,반품/교환,높음,처리중,정다은,,
INQ-2024119,2024-06-10 14:59,2024-06,월,14시,전화,계정문의,보통,처리완료,박소연,19.0,5.0
INQ-2024030,2024-06-11 18:56,2024-06,화,18시,채팅,상품문의,높음,처리중,최현우,,
INQ-2024509,2024-06-11 22:49,2024-06,화,22시,카카오톡,상품문의,낮음,처리완료,한승호,17.0,4.0
INQ-2024120,2024-06-11 23:52,2024-06,화,23시,이메일,서비스불만,보통,처리완료,윤지아,22.0,3.0
INQ-2024682,2024-06-12 11:21,2024-06,수,11시,채팅,계정문의,낮음,처리중,최현우,,
INQ-2024333,2024-06-13 13:31,2024-06,목,13시,전화,기타,낮음,처리중,김민지,,
INQ-2024382,2024-06-14 20:53,2024-06,금,20시,카카오톡,상품문의,낮음,재문의,장현석,9.0,
INQ-2024327,2024-06-14 23:40,2024-06,금,23시,카카오톡,배송문의,보통,처리완료,박소연,8.0,4.0
INQ-2024116,2024-06-15 06:48,2024-06,토,06시,채팅,서비스불만,높음,처리완료,한승호,18.0,2.0
INQ-2024800,2024-06-15 09:21,2024-06,토,09시,전화,반품/교환,낮음,처리완료,이재원,17.0,3.0
INQ-2024985,2024-06-15 17:00,2024-06,토,17시,이메일,배송문의,보통,처리완료,윤지아,8.0,3.0
INQ-2024565,2024-06-16 07:38,2024-06,일,07시,전화,배송문의,낮음,대기,윤지아,,
INQ-2024729,2024-06-16 10:17,2024-06,일,10시,전화,배송문의,높음,처리완료,박소연,18.0,3.0
INQ-2024077,2024-06-16 19:30,2024-06,일,19시,전화,배송문의,낮음,처리완료,윤지아,17.0,2.0
INQ-2024723,2024-06-16 20:00,2024-06,일,20시,전화,서비스불만,보통,처리중,김민지,,
INQ-2024178,2024-06-16 21:22,2024-06,일,21시,전화,상품문의,낮음,처리완료,정다은,16.0,4.0
INQ-2024211,2024-06-17 23:14,2024-06,월,23시,이메일,배송문의,높음,처리완료,이재원,9.0,4.0
INQ-2024494,2024-06-18 01:00,2024-06,화,01시,채팅,상품문의,높음,처리중,한승호,,
INQ-2024891,2024-06-18 02:47,2024-06,화,02시,전화,배송문의,낮음,대기,최현우,,
INQ-2024353,2024-06-18 06:23,2024-06,화,06시,전화,서비스불만,낮음,처리완료,최현우,51.0,4.0
INQ-2024907,2024-06-18 20:05,2024-06,화,20시,전화,상품문의,낮음,처리완료,김민지,12.0,4.0
INQ-2024284,2024-06-18 22:38,2024-06,화,22시,이메일,결제문의,낮음,처리완료,한승호,30.0,3.0
INQ-2024567,2024-06-19 17:00,2024-06,수,17시,전화,상품문의,낮음,처리완료,최현우,13.0,5.0
INQ-2024282,2024-06-19 19:00,2024-06,수,19시,전화,배송문의,보통,처리완료,정다은,24.0,5.0
INQ-2024684,2024-06-20 08:39,2024-06,목,08시,전화,반품/교환,높음,처리완료,장현석,50.0,5.0
INQ-2024710,2024-06-21 15:07,2024-06,금,15시,이메일,서비스불만,낮음,처리완료,김민지,49.0,4.0
INQ-2024778,2024-06-21 23:48,2024-06,금,23시,이메일,배송문의,보통,처리중,박소연,,
INQ-2024841,2024-06-22 03:19,2024-06,토,03시,채팅,상품문의,낮음,대기,김민지,,
INQ-2024173,2024-06-22 05:51,2024-06,토,05시,전화,배송문의,높음,처리완료,정다은,28.0,4.0
INQ-2024417,2024-06-23 16:27,2024-06,일,16시,전화,배송문의,낮음,처리중,윤지아,,
INQ-2024579,2024-06-24 05:09,2024-06,월,05시,전화,반품/교환,보통,처리완료,김민지,45.0,4.0
INQ-2024861,2024-06-24 06:11,2024-06,월,06시,카카오톡,배송문의,보통,처리완료,최현우,18.0,3.0
INQ-2024050,2024-06-24 14:28,2024-06,월,14시,이메일,배송문의,높음,처리완료,박소연,14.0,5.0
INQ-2024405,2024-06-24 16:46,2024-06,월,16시,전화,계정문의,낮음,처리완료,박소연,29.0,5.0
INQ-2024852,2024-06-25 12:43,2024-06,화,12시,카카오톡,반품/교환,낮음,처리중,윤지아,,
INQ-2024069,2024-06-25 17:58,2024-06,화,17시,채팅,배송문의,보통,처리완료,김민지,21.0,4.0
INQ-2024341,2024-06-25 18:42,2024-06,화,18시,전화,배송문의,낮음,처리완료,윤지아,25.0,5.0
INQ-2024895,2024-06-26 17:44,2024-06,수,17시,전화,배송문의,보통,처리완료,정다은,19.0,5.0
INQ-2024396,2024-06-27 09:11,2024-06,목,09시,채팅,배송문의,낮음,처리완료,한승호,3.0,3.0
INQ-2024320,2024-06-27 13:53,2024-06,목,13시,카카오톡,계정문의,보통,처리완료,윤지아,18.0,4.0
INQ-2024783,2024-06-27 20:44,2024-06,목,20시,앱,배송문의,보통,대기,윤지아,,
INQ-2024065,2024-06-28 06:33,2024-06,금,06시,카카오톡,배송문의,보통,처리중,장현석,,
INQ-2024413,2024-06-28 11:57,2024-06,금,11시,전화,상품문의,보통,처리완료,박소연,9.0,3.0
INQ-2024136,2024-06-29 11:00,2024-06,토,11시,이메일,결제문의,보통,처리완료,박소연,16.0,5.0
INQ-2024681,2024-06-30 04:13,2024-06,일,04시,카카오톡,배송문의,낮음,처리중,김민지,,
INQ-2024318,2024-06-30 05:03,2024-06,일,05시,전화,계정문의,높음,처리완료,한승호,25.0,5.0
INQ-2024535,2024-06-30 08:14,2024-06,일,08시,카카오톡,계정문의,보통,대기,최현우,,
INQ-2024719,2024-06-30 09:06,2024-06,일,09시,채팅,기타,낮음,처리완료,정다은,12.0,4.0
INQ-2024662,2024-07-01 05:39,2024-07,월,05시,전화,결제문의,보통,처리완료,한승호,18.0,4.0
INQ-2024829,2024-07-01 13:18,2024-07,월,13시,전화,배송문의,낮음,처리완료,정다은,20.0,5.0
INQ-2024133,2024-07-02 04:21,2024-07,화,04시,카카오톡,계정문의,보통,처리완료,김민지,18.0,4.0
INQ-2024229,2024-07-02 07:26,2024-07,화,07시,이메일,배송문의,낮음,처리중,한승호,,
INQ-2024514,2024-07-02 11:57,2024-07,화,11시,이메일,반품/교환,보통,처리중,정다은,,
INQ-2024626,2024-07-02 16:43,2024-07,화,16시,전화,반품/교환,보통,처리완료,장현석,16.0,4.0
INQ-2024176,2024-07-02 21:34,2024-07,화,21시,앱,결제문의,낮음,처리완료,정다은,22.0,3.0
INQ-2024233,2024-07-03 05:01,2024-07,수,05시,전화,반품/교환,보통,처리완료,윤지아,58.0,4.0
INQ-2024093,2024-07-03 18:12,2024-07,수,18시,이메일,반품/교환,보통,재문의,한승호,41.0,
INQ-2024291,2024-07-04 07:53,2024-07,목,07시,카카오톡,반품/교환,보통,재문의,김민지,25.0,
INQ-2024068,2024-07-05 11:49,2024-07,금,11시,이메일,배송문의,보통,처리중,정다은,,
INQ-2024720,2024-07-05 14:49,2024-07,금,14시,전화,배송문의,보통,처리완료,김민지,10.0,4.0
INQ-2024355,2024-07-06 04:30,2024-07,토,04시,채팅,반품/교환,낮음,대기,윤지아,,
INQ-2024973,2024-07-06 18:30,2024-07,토,18시,카카오톡,배송문의,보통,처리완료,최현우,13.0,4.0
INQ-2024057,2024-07-07 16:31,2024-07,일,16시,이메일,결제문의,보통,처리완료,한승호,24.0,3.0
INQ-2024949,2024-07-07 21:13,2024-07,일,21시,채팅,결제문의,보통,대기,박소연,,
INQ-2024670,2024-07-08 08:26,2024-07,월,08시,채팅,상품문의,높음,처리중,이재원,,
INQ-2024029,2024-07-09 12:19,2024-07,화,12시,이메일,서비스불만,보통,처리완료,한승호,50.0,4.0
INQ-2024324,2024-07-09 17:38,2024-07,화,17시,전화,결제문의,보통,처리완료,장현석,21.0,4.0
INQ-2024309,2024-07-09 19:26,2024-07,화,19시,앱,서비스불만,보통,처리완료,박소연,78.0,2.0
INQ-2024290,2024-07-09 20:44,2024-07,화,20시,카카오톡,배송문의,보통,처리완료,박소연,16.0,4.0
INQ-2024131,2024-07-10 06:47,2024-07,수,06시,채팅,상품문의,보통,대기,이재원,,
INQ-2024070,2024-07-11 01:30,2024-07,목,01시,이메일,반품/교환,보통,재문의,김민지,42.0,
INQ-2024193,2024-07-11 02:28,2024-07,목,02시,채팅,배송문의,보통,처리완료,정다은,4.0,3.0
INQ-2024079,2024-07-11 11:06,2024-07,목,11시,전화,계정문의,보통,처리중,이재원,,
INQ-2024060,2024-07-11 22:36,2024-07,목,22시,카카오톡,반품/교환,보통,처리완료,정다은,30.0,4.0
INQ-2024056,2024-07-12 18:04,2024-07,금,18시,전화,서비스불만,낮음,처리완료,윤지아,52.0,4.0
INQ-2024629,2024-07-12 18:49,2024-07,금,18시,전화,상품문의,보통,대기,김민지,,
INQ-2024365,2024-07-13 02:00,2024-07,토,02시,카카오톡,서비스불만,높음,처리완료,최현우,35.0,4.0
INQ-2024715,2024-07-13 02:10,2024-07,토,02시,전화,결제문의,보통,대기,이재원,,
INQ-2024305,2024-07-13 08:37,2024-07,토,08시,이메일,배송문의,보통,처리완료,정다은,27.0,3.0
INQ-2024842,2024-07-13 11:35,2024-07,토,11시,전화,반품/교환,보통,재문의,김민지,16.0,
INQ-2024604,2024-07-13 16:31,2024-07,토,16시,전화,서비스불만,보통,처리완료,윤지아,24.0,4.0
INQ-2024834,2024-07-14 09:56,2024-07,일,09시,채팅,배송문의,낮음,처리완료,한승호,2.0,5.0
INQ-2024464,2024-07-14 13:31,2024-07,일,13시,전화,배송문의,보통,처리완료,정다은,14.0,4.0
INQ-2024501,2024-07-14 22:57,2024-07,일,22시,이메일,반품/교환,낮음,처리완료,윤지아,43.0,5.0
INQ-2024896,2024-07-15 09:16,2024-07,월,09시,이메일,상품문의,높음,처리완료,윤지아,8.0,5.0
INQ-2024013,2024-07-15 22:31,2024-07,월,22시,이메일,상품문의,보통,처리완료,장현석,20.0,4.0
INQ-2024467,2024-07-16 10:38,2024-07,화,10시,이메일,계정문의,낮음,처리완료,최현우,38.0,3.0
INQ-2024699,2024-07-16 16:43,2024-07,화,16시,전화,기타,보통,처리완료,한승호,19.0,3.0
INQ-2024585,2024-07-16 17:14,2024-07,화,17시,전화,계정문의,보통,처리완료,최현우,25.0,3.0
INQ-2024587,2024-07-17 01:28,2024-07,수,01시,전화,배송문의,보통,처리완료,윤지아,13.0,5.0
INQ-2024780,2024-07-17 19:57,2024-07,수,19시,카카오톡,반품/교환,보통,처리완료,김민지,36.0,4.0
INQ-2024453,2024-07-17 22:11,2024-07,수,22시,이메일,배송문의,보통,재문의,박소연,17.0,
INQ-2024539,2024-07-18 13:45,2024-07,목,13시,전화,반품/교환,보통,처리완료,장현석,24.0,4.0
INQ-2024476,2024-07-18 20:14,2024-07,목,20시,전화,배송문의,보통,처리완료,한승호,15.0,5.0
INQ-2024903,2024-07-18 20:52,2024-07,목,20시,전화,배송문의,보통,재문의,이재원,9.0,
INQ-2024992,2024-07-18 23:07,2024-07,목,23시,카카오톡,상품문의,보통,처리완료,한승호,13.0,3.0
INQ-2024798,2024-07-20 05:17,2024-07,토,05시,카카오톡,반품/교환,낮음,처리완료,윤지아,24.0,5.0
INQ-2024930,2024-07-20 07:49,2024-07,토,07시,전화,배송문의,보통,처리완료,최현우,1.0,5.0
INQ-2024389,2024-07-20 17:33,2024-07,토,17시,전화,반품/교환,보통,처리중,윤지아,,
INQ-2024875,2024-07-21 09:12,2024-07,일,09시,채팅,배송문의,보통,처리완료,박소연,33.0,4.0
INQ-2024599,2024-07-21 10:19,2024-07,일,10시,전화,계정문의,높음,처리완료,한승호,35.0,3.0
INQ-2024822,2024-07-21 12:56,2024-07,일,12시,이메일,계정문의,낮음,처리완료,장현석,10.0,4.0
INQ-2024967,2024-07-21 16:11,2024-07,일,16시,채팅,반품/교환,높음,처리완료,장현석,71.0,5.0
INQ-2024821,2024-07-21 17:39,2024-07,일,17시,채팅,배송문의,보통,처리완료,윤지아,13.0,3.0
INQ-2024920,2024-07-22 08:25,2024-07,월,08시,전화,상품문의,보통,처리완료,장현석,7.0,3.0
INQ-2024597,2024-07-23 21:35,2024-07,화,21시,채팅,배송문의,높음,처리중,윤지아,,
INQ-2024921,2024-07-23 22:42,2024-07,화,22시,채팅,배송문의,보통,처리완료,정다은,12.0,3.0
INQ-2024398,2024-07-24 02:43,2024-07,수,02시,이메일,반품/교환,보통,재문의,한승호,38.0,
INQ-2024099,2024-07-24 12:52,2024-07,수,12시,전화,상품문의,보통,재문의,최현우,9.0,
INQ-2024388,2024-07-24 23:40,2024-07,수,23시,이메일,계정문의,보통,처리완료,박소연,17.0,5.0
INQ-2024422,2024-07-25 15:16,2024-07,목,15시,전화,배송문의,낮음,처리중,이재원,,
INQ-2024151,2024-07-25 16:02,2024-07,목,16시,채팅,반품/교환,보통,처리완료,한승호,27.0,4.0
INQ-2024279,2024-07-25 16:11,2024-07,목,16시,채팅,반품/교환,높음,처리완료,김민지,36.0,4.0
INQ-2024254,2024-07-26 06:53,2024-07,금,06시,이메일,반품/교환,낮음,처리완료,정다은,33.0,5.0
INQ-2024014,2024-07-26 14:40,2024-07,금,14시,채팅,계정문의,낮음,처리완료,한승호,7.0,4.0
INQ-2024203,2024-07-28 15:04,2024-07,일,15시,이메일,배송문의,보통,처리중,정다은,,
INQ-2024336,2024-07-28 17:49,2024-07,일,17시,전화,반품/교환,높음,처리완료,정다은,48.0,5.0
INQ-2024280,2024-07-29 11:16,2024-07,월,11시,카카오톡,계정문의,보통,대기,정다은,,
INQ-2024407,2024-07-30 01:35,2024-07,화,01시,전화,반품/교환,낮음,처리완료,정다은,34.0,2.0
INQ-2024005,2024-07-30 06:17,2024-07,화,06시,이메일,결제문의,보통,처리완료,박소연,30.0,3.0
INQ-2024063,2024-07-30 12:25,2024-07,화,12시,이메일,상품문의,낮음,처리완료,정다은,10.0,3.0
INQ-2024902,2024-07-30 17:24,2024-07,화,17시,카카오톡,배송문의,보통,대기,한승호,,
INQ-2024551,2024-07-31 02:22,2024-07,수,02시,이메일,배송문의,낮음,처리중,이재원,,
INQ-2024276,2024-08-01 06:51,2024-08,목,06시,전화,결제문의,낮음,처리중,한승호,,
INQ-2024878,2024-08-01 18:49,2024-08,목,18시,이메일,상품문의,보통,처리중,최현우,,
INQ-2024737,2024-08-02 01:37,2024-08,금,01시,전화,결제문의,낮음,처리완료,최현우,30.0,5.0
INQ-2024338,2024-08-02 04:01,2024-08,금,04시,카카오톡,결제문의,보통,처리완료,정다은,20.0,5.0
INQ-2024140,2024-08-02 09:41,2024-08,금,09시,전화,결제문의,보통,처리완료,최현우,27.0,4.0
INQ-2024194,2024-08-03 15:16,2024-08,토,15시,채팅,기타,낮음,처리완료,김민지,3.0,4.0
INQ-2024424,2024-08-03 17:26,2024-08,토,17시,전화,계정문의,보통,처리중,장현석,,
INQ-2024414,2024-08-04 03:29,2024-08,일,03시,이메일,기타,낮음,처리완료,박소연,13.0,3.0
INQ-2024427,2024-08-04 16:07,2024-08,일,16시,채팅,반품/교환,보통,처리완료,박소연,27.0,5.0
INQ-2024490,2024-08-05 01:59,2024-08,월,01시,채팅,계정문의,낮음,처리완료,박소연,22.0,4.0
INQ-2024534,2024-08-05 22:29,2024-08,월,22시,채팅,결제문의,높음,처리완료,정다은,18.0,5.0
INQ-2024954,2024-08-06 02:29,2024-08,화,02시,전화,상품문의,높음,처리완료,윤지아,1.0,5.0
INQ-2024428,2024-08-06 07:51,2024-08,화,07시,카카오톡,결제문의,낮음,처리완료,최현우,17.0,3.0
INQ-2024554,2024-08-06 17:30,2024-08,화,17시,전화,결제문의,보통,재문의,박소연,12.0,
INQ-2024555,2024-08-06 20:18,2024-08,화,20시,전화,반품/교환,보통,처리완료,한승호,20.0,3.0
INQ-2024487,2024-08-06 21:21,2024-08,화,21시,전화,반품/교환,낮음,처리완료,박소연,38.0,4.0
INQ-2024950,2024-08-06 23:49,2024-08,화,23시,이메일,결제문의,높음,재문의,윤지아,18.0,
INQ-2024009,2024-08-07 00:14,2024-08,수,00시,이메일,계정문의,보통,처리중,이재원,,
INQ-2024660,2024-08-07 05:14,2024-08,수,05시,카카오톡,배송문의,높음,처리완료,박소연,20.0,1.0
INQ-2024100,2024-08-07 10:29,2024-08,수,10시,이메일,상품문의,보통,처리완료,이재원,5.0,5.0
INQ-2024158,2024-08-08 00:06,2024-08,목,00시,전화,서비스불만,보통,재문의,김민지,33.0,
INQ-2024460,2024-08-08 14:00,2024-08,목,14시,카카오톡,결제문의,보통,처리완료,정다은,18.0,4.0
INQ-2024983,2024-08-08 17:42,2024-08,목,17시,전화,배송문의,낮음,대기,최현우,,
INQ-2024491,2024-08-08 19:12,2024-08,목,19시,전화,상품문의,높음,처리완료,윤지아,13.0,3.0
INQ-2024576,2024-08-08 23:43,2024-08,목,23시,카카오톡,상품문의,낮음,대기,박소연,,
INQ-2024784,2024-08-09 03:35,2024-08,금,03시,전화,결제문의,높음,처리완료,한승호,30.0,4.0
INQ-2024134,2024-08-09 05:48,2024-08,금,05시,카카오톡,상품문의,보통,처리완료,한승호,10.0,5.0
INQ-2024569,2024-08-09 10:54,2024-08,금,10시,전화,계정문의,낮음,처리완료,김민지,23.0,3.0
INQ-2024111,2024-08-09 13:58,2024-08,금,13시,앱,결제문의,보통,처리완료,이재원,1.0,3.0
INQ-2024696,2024-08-10 01:32,2024-08,토,01시,채팅,결제문의,보통,재문의,박소연,21.0,
INQ-2024953,2024-08-10 23:48,2024-08,토,23시,채팅,상품문의,높음,처리완료,이재원,9.0,5.0
INQ-2024519,2024-08-11 14:10,2024-08,일,14시,채팅,배송문의,보통,처리완료,장현석,19.0,2.0
INQ-2024940,2024-08-11 22:22,2024-08,일,22시,전화,결제문의,높음,처리중,김민지,,
INQ-2024198,2024-08-12 11:20,2024-08,월,11시,채팅,반품/교환,보통,처리완료,박소연,19.0,5.0
INQ-2024164,2024-08-12 19:23,2024-08,월,19시,채팅,반품/교환,보통,처리중,장현석,,
INQ-2024588,2024-08-13 01:37,2024-08,화,01시,이메일,서비스불만,낮음,처리완료,최현우,37.0,3.0
INQ-2024475,2024-08-13 13:35,2024-08,화,13시,채팅,결제문의,보통,처리중,한승호,,
INQ-2024262,2024-08-13 15:12,2024-08,화,15시,채팅,배송문의,보통,처리완료,한승호,21.0,4.0
INQ-2024071,2024-08-13 18:44,2024-08,화,18시,전화,배송문의,높음,처리완료,정다은,22.0,4.0
INQ-2024179,2024-08-14 03:54,2024-08,수,03시,채팅,기타,보통,처리완료,한승호,3.0,3.0
INQ-2024385,2024-08-14 16:25,2024-08,수,16시,전화,상품문의,낮음,처리중,최현우,,
INQ-2024874,2024-08-14 22:53,2024-08,수,22시,이메일,반품/교환,보통,처리완료,최현우,40.0,5.0
INQ-2024124,2024-08-15 10:34,2024-08,목,10시,채팅,반품/교환,보통,처리완료,박소연,26.0,4.0
INQ-2024323,2024-08-15 12:04,2024-08,목,12시,전화,계정문의,높음,처리완료,최현우,29.0,3.0
INQ-2024677,2024-08-15 13:05,2024-08,목,13시,채팅,배송문의,높음,처리완료,김민지,5.0,4.0
INQ-2024601,2024-08-15 13:06,2024-08,목,13시,카카오톡,결제문의,낮음,재문의,한승호,20.0,
INQ-2024911,2024-08-17 00:19,2024-08,토,00시,전화,결제문의,보통,처리중,이재원,,
INQ-2024538,2024-08-17 05:12,2024-08,토,05시,전화,배송문의,낮음,재문의,김민지,12.0,
INQ-2024717,2024-08-17 09:11,2024-08,토,09시,전화,반품/교환,보통,처리완료,박소연,23.0,4.0
INQ-2024372,2024-08-17 14:24,2024-08,토,14시,전화,계정문의,보통,처리완료,정다은,22.0,5.0
INQ-2024931,2024-08-18 06:32,2024-08,일,06시,이메일,배송문의,보통,처리중,박소연,,
INQ-2024746,2024-08-18 11:37,2024-08,일,11시,전화,결제문의,높음,대기,박소연,,
INQ-2024471,2024-08-19 03:05,2024-08,월,03시,채팅,기타,보통,처리완료,한승호,14.0,4.0
INQ-2024570,2024-08-19 13:20,2024-08,월,13시,카카오톡,반품/교환,높음,처리완료,최현우,26.0,5.0
INQ-2024833,2024-08-20 02:56,2024-08,화,02시,이메일,배송문의,보통,처리완료,장현석,10.0,5.0
INQ-2024765,2024-08-20 07:37,2024-08,화,07시,카카오톡,상품문의,낮음,처리완료,이재원,1.0,4.0
INQ-2024204,2024-08-20 18:21,2024-08,화,18시,전화,배송문의,낮음,처리완료,김민지,13.0,5.0
INQ-2024103,2024-08-20 20:57,2024-08,화,20시,전화,배송문의,낮음,처리완료,윤지아,11.0,5.0
INQ-2024488,2024-08-21 05:21,2024-08,수,05시,채팅,결제문의,보통,처리완료,최현우,27.0,3.0
INQ-2024240,2024-08-21 15:00,2024-08,수,15시,이메일,반품/교환,보통,처리완료,한승호,45.0,3.0
INQ-2024386,2024-08-22 03:31,2024-08,목,03시,전화,서비스불만,낮음,처리완료,정다은,48.0,3.0
INQ-2024890,2024-08-22 04:01,2024-08,목,04시,전화,상품문의,높음,처리완료,김민지,8.0,4.0
INQ-2024752,2024-08-22 07:03,2024-08,목,07시,전화,상품문의,보통,대기,윤지아,,
INQ-2024468,2024-08-22 12:27,2024-08,목,12시,전화,상품문의,보통,처리완료,한승호,6.0,4.0
INQ-2024513,2024-08-22 19:42,2024-08,목,19시,이메일,계정문의,높음,처리중,박소연,,
INQ-2024303,2024-08-23 06:14,2024-08,금,06시,카카오톡,반품/교환,높음,처리완료,최현우,8.0,3.0
INQ-2024999,2024-08-23 14:03,2024-08,금,14시,전화,상품문의,보통,처리완료,김민지,11.0,4.0
INQ-2024001,2024-08-24 04:23,2024-08,토,04시,카카오톡,반품/교환,낮음,처리완료,이재원,28.0,5.0
INQ-2024562,2024-08-24 12:03,2024-08,토,12시,이메일,배송문의,보통,처리완료,한승호,7.0,3.0
INQ-2024806,2024-08-25 05:54,2024-08,일,05시,이메일,배송문의,낮음,처리완료,박소연,23.0,3.0
INQ-2024968,2024-08-25 06:44,2024-08,일,06시,전화,배송문의,높음,처리완료,장현석,7.0,5.0
INQ-2024500,2024-08-25 13:13,2024-08,일,13시,채팅,상품문의,보통,처리완료,윤지아,10.0,3.0
INQ-2024354,2024-08-25 15:05,2024-08,일,15시,전화,반품/교환,높음,대기,김민지,,
INQ-2024758,2024-08-25 16:41,2024-08,일,16시,이메일,계정문의,보통,처리완료,한승호,4.0,4.0
INQ-2024485,2024-08-25 19:03,2024-08,일,19시,채팅,결제문의,낮음,처리완료,최현우,18.0,4.0
INQ-2024815,2024-08-25 23:37,2024-08,일,23시,전화,상품문의,보통,처리완료,박소연,16.0,3.0
INQ-2024142,2024-08-26 00:10,2024-08,월,00시,전화,배송문의,보통,처리완료,이재원,14.0,4.0
INQ-2024212,2024-08-26 05:31,2024-08,월,05시,이메일,반품/교환,낮음,처리완료,이재원,36.0,3.0
INQ-2024804,2024-08-27 01:55,2024-08,화,01시,채팅,결제문의,높음,처리완료,박소연,19.0,5.0
INQ-2024174,2024-08-27 02:08,2024-08,화,02시,카카오톡,배송문의,높음,처리중,김민지,,
INQ-2024228,2024-08-27 06:09,2024-08,화,06시,채팅,반품/교환,낮음,처리완료,김민지,46.0,4.0
INQ-2024219,2024-08-27 06:31,2024-08,화,06시,앱,배송문의,낮음,재문의,박소연,24.0,
INQ-2024663,2024-08-27 17:35,2024-08,화,17시,전화,상품문의,보통,처리완료,이재원,8.0,5.0
INQ-2024524,2024-08-28 06:33,2024-08,수,06시,카카오톡,배송문의,보통,처리완료,윤지아,8.0,4.0
INQ-2024863,2024-08-28 19:16,2024-08,수,19시,전화,반품/교환,보통,처리중,박소연,,
INQ-2024474,2024-08-29 06:50,2024-08,목,06시,전화,결제문의,보통,처리중,김민지,,
INQ-2024622,2024-08-29 10:16,2024-08,목,10시,이메일,배송문의,낮음,처리완료,정다은,4.0,4.0
INQ-2024560,2024-08-29 20:40,2024-08,목,20시,전화,결제문의,보통,대기,정다은,,
INQ-2024980,2024-08-30 10:40,2024-08,금,10시,전화,반품/교환,낮음,처리중,박소연,,
INQ-2024813,2024-08-31 09:51,2024-08,토,09시,앱,서비스불만,보통,대기,한승호,,
INQ-2024306,2024-08-31 22:57,2024-08,토,22시,카카오톡,배송문의,보통,처리완료,장현석,6.0,4.0
INQ-2024676,2024-09-01 17:03,2024-09,일,17시,전화,배송문의,낮음,처리완료,박소연,10.0,5.0
INQ-2024531,2024-09-01 17:50,2024-09,일,17시,이메일,배송문의,보통,처리중,박소연,,
INQ-2024828,2024-09-02 07:00,2024-09,월,07시,전화,서비스불만,낮음,처리완료,최현우,60.0,2.0
INQ-2024952,2024-09-02 13:38,2024-09,월,13시,전화,배송문의,높음,처리완료,정다은,5.0,5.0
INQ-2024978,2024-09-03 05:40,2024-09,화,05시,앱,반품/교환,보통,대기,이재원,,
INQ-2024054,2024-09-03 11:37,2024-09,화,11시,채팅,반품/교환,보통,처리완료,정다은,29.0,5.0
INQ-2024687,2024-09-03 21:32,2024-09,화,21시,채팅,배송문의,보통,처리완료,윤지아,17.0,4.0
INQ-2024253,2024-09-03 22:34,2024-09,화,22시,전화,상품문의,낮음,처리완료,최현우,6.0,4.0
INQ-2024905,2024-09-03 22:49,2024-09,화,22시,전화,배송문의,보통,대기,김민지,,
INQ-2024751,2024-09-04 02:50,2024-09,수,02시,카카오톡,배송문의,낮음,처리완료,박소연,29.0,5.0
INQ-2024998,2024-09-04 12:09,2024-09,수,12시,전화,반품/교환,보통,처리완료,김민지,39.0,4.0
INQ-2024793,2024-09-04 23:57,2024-09,수,23시,카카오톡,배송문의,보통,처리완료,정다은,2.0,4.0
INQ-2024012,2024-09-05 01:04,2024-09,목,01시,채팅,결제문의,보통,처리완료,이재원,21.0,5.0
INQ-2024883,2024-09-05 05:54,2024-09,목,05시,전화,배송문의,보통,처리중,장현석,,
INQ-2024969,2024-09-05 06:15,2024-09,목,06시,전화,배송문의,보통,처리완료,정다은,7.0,4.0
INQ-2024461,2024-09-05 07:05,2024-09,목,07시,전화,배송문의,보통,대기,정다은,,
INQ-2024311,2024-09-05 14:45,2024-09,목,14시,이메일,반품/교환,낮음,처리중,정다은,,
INQ-2024379,2024-09-05 23:45,2024-09,목,23시,카카오톡,배송문의,높음,처리완료,박소연,6.0,5.0
INQ-2024027,2024-09-06 20:59,2024-09,금,20시,채팅,반품/교환,보통,처리중,최현우,,
INQ-2024481,2024-09-08 00:49,2024-09,일,00시,카카오톡,반품/교환,낮음,처리완료,김민지,35.0,4.0
INQ-2024210,2024-09-10 04:30,2024-09,화,04시,앱,결제문의,높음,처리완료,최현우,15.0,5.0
INQ-2024926,2024-09-10 17:43,2024-09,화,17시,이메일,배송문의,보통,처리중,한승호,,
INQ-2024869,2024-09-10 18:17,2024-09,화,18시,전화,계정문의,낮음,처리완료,박소연,19.0,4.0
INQ-2024215,2024-09-11 03:13,2024-09,수,03시,채팅,결제문의,보통,대기,한승호,,
INQ-2024370,2024-09-11 10:21,2024-09,수,10시,전화,결제문의,보통,처리완료,윤지아,12.0,5.0
INQ-2024725,2024-09-11 11:05,2024-09,수,11시,전화,반품/교환,보통,처리완료,김민지,36.0,3.0
INQ-2024457,2024-09-12 13:12,2024-09,목,13시,카카오톡,상품문의,보통,처리완료,한승호,5.0,4.0
INQ-2024824,2024-09-13 10:03,2024-09,금,10시,채팅,반품/교환,낮음,처리완료,김민지,7.0,3.0
INQ-2024296,2024-09-13 16:50,2024-09,금,16시,전화,결제문의,낮음,처리완료,정다은,22.0,3.0
INQ-2024234,2024-09-13 18:49,2024-09,금,18시,채팅,배송문의,보통,처리완료,최현우,14.0,5.0
INQ-2024559,2024-09-14 07:52,2024-09,토,07시,전화,상품문의,보통,처리중,이재원,,
INQ-2024462,2024-09-14 18:40,2024-09,토,18시,앱,반품/교환,보통,처리중,이재원,,
INQ-2024497,2024-09-14 20:07,2024-09,토,20시,카카오톡,서비스불만,낮음,처리완료,최현우,46.0,4.0
INQ-2024608,2024-09-14 21:33,2024-09,토,21시,채팅,반품/교환,낮음,재문의,이재원,55.0,
INQ-2024451,2024-09-14 22:02,2024-09,토,22시,전화,반품/교환,보통,처리완료,최현우,58.0,4.0
INQ-2024369,2024-09-15 00:53,2024-09,일,00시,전화,배송문의,낮음,처리완료,이재원,19.0,3.0
INQ-2024790,2024-09-15 11:51,2024-09,일,11시,이메일,상품문의,낮음,처리중,정다은,,
INQ-2024238,2024-09-15 16:38,2024-09,일,16시,채팅,배송문의,보통,처리중,윤지아,,
INQ-2024255,2024-09-16 00:11,2024-09,월,00시,카카오톡,반품/교환,보통,처리완료,한승호,42.0,4.0
INQ-2024631,2024-09-16 03:44,2024-09,월,03시,채팅,결제문의,보통,처리완료,이재원,20.0,3.0
INQ-2024416,2024-09-16 18:51,2024-09,월,18시,전화,반품/교환,보통,처리완료,정다은,27.0,4.0
INQ-2024473,2024-09-17 22:47,2024-09,화,22시,카카오톡,반품/교환,보통,처리완료,박소연,28.0,4.0
INQ-2024714,2024-09-19 06:50,2024-09,목,06시,이메일,반품/교환,낮음,처리완료,최현우,32.0,4.0
INQ-2024619,2024-09-19 07:29,2024-09,목,07시,전화,결제문의,낮음,처리완료,최현우,26.0,5.0
INQ-2024175,2024-09-19 08:35,2024-09,목,08시,앱,반품/교환,보통,처리완료,이재원,32.0,4.0
INQ-2024430,2024-09-19 12:28,2024-09,목,12시,이메일,결제문의,높음,처리완료,박소연,1.0,4.0
INQ-2024839,2024-09-19 18:29,2024-09,목,18시,전화,배송문의,보통,처리완료,이재원,27.0,3.0
INQ-2024489,2024-09-19 18:49,2024-09,목,18시,전화,상품문의,보통,처리완료,박소연,14.0,5.0
INQ-2024449,2024-09-20 04:45,2024-09,금,04시,전화,배송문의,보통,대기,김민지,,
INQ-2024028,2024-09-20 19:04,2024-09,금,19시,전화,결제문의,보통,처리완료,이재원,22.0,5.0
INQ-2024812,2024-09-20 22:41,2024-09,금,22시,이메일,상품문의,보통,처리완료,윤지아,9.0,3.0
INQ-2024838,2024-09-21 05:00,2024-09,토,05시,이메일,서비스불만,낮음,처리완료,박소연,67.0,2.0
INQ-2024286,2024-09-21 13:50,2024-09,토,13시,채팅,반품/교환,낮음,처리중,최현우,,
INQ-2024894,2024-09-21 20:34,2024-09,토,20시,전화,배송문의,보통,처리완료,윤지아,7.0,4.0
INQ-2024181,2024-09-22 12:05,2024-09,일,12시,카카오톡,배송문의,보통,처리완료,김민지,17.0,5.0
INQ-2024128,2024-09-22 14:42,2024-09,일,14시,채팅,반품/교환,보통,처리완료,윤지아,19.0,4.0
INQ-2024479,2024-09-23 14:29,2024-09,월,14시,채팅,서비스불만,낮음,대기,박소연,,
INQ-2024002,2024-09-23 15:52,2024-09,월,15시,채팅,서비스불만,높음,처리완료,윤지아,53.0,4.0
INQ-2024755,2024-09-23 18:29,2024-09,월,18시,전화,결제문의,보통,처리완료,최현우,14.0,3.0
INQ-2024792,2024-09-23 18:39,2024-09,월,18시,채팅,반품/교환,보통,처리완료,최현우,56.0,3.0
INQ-2024904,2024-09-23 21:57,2024-09,월,21시,채팅,결제문의,보통,처리완료,이재원,11.0,4.0
INQ-2024051,2024-09-24 00:31,2024-09,화,00시,전화,계정문의,보통,재문의,이재원,24.0,
INQ-2024881,2024-09-24 05:09,2024-09,화,05시,채팅,배송문의,보통,처리완료,김민지,22.0,4.0
INQ-2024655,2024-09-25 01:03,2024-09,수,01시,전화,반품/교환,보통,처리완료,한승호,55.0,5.0
INQ-2024694,2024-09-25 03:29,2024-09,수,03시,채팅,상품문의,높음,처리중,장현석,,
INQ-2024383,2024-09-25 08:11,2024-09,수,08시,이메일,반품/교환,높음,처리완료,이재원,32.0,4.0
INQ-2024205,2024-09-25 08:41,2024-09,수,08시,카카오톡,상품문의,보통,처리완료,정다은,9.0,2.0
INQ-2024901,2024-09-25 15:55,2024-09,수,15시,앱,배송문의,보통,처리완료,한승호,5.0,3.0
INQ-2024020,2024-09-26 06:10,2024-09,목,06시,채팅,반품/교환,낮음,처리완료,김민지,56.0,3.0
INQ-2024231,2024-09-26 17:42,2024-09,목,17시,이메일,반품/교환,보통,재문의,박소연,49.0,
INQ-2024763,2024-09-26 19:42,2024-09,목,19시,전화,배송문의,높음,처리중,장현석,,
INQ-2024156,2024-09-27 09:57,2024-09,금,09시,채팅,배송문의,높음,처리완료,박소연,19.0,3.0
INQ-2024295,2024-09-27 11:08,2024-09,금,11시,앱,기타,높음,처리완료,정다은,11.0,5.0
INQ-2024521,2024-09-27 23:30,2024-09,금,23시,카카오톡,상품문의,높음,처리완료,정다은,7.0,3.0
INQ-2024848,2024-09-28 02:37,2024-09,토,02시,채팅,결제문의,낮음,처리완료,정다은,22.0,4.0
INQ-2024970,2024-09-29 14:48,2024-09,일,14시,전화,서비스불만,보통,처리완료,최현우,27.0,3.0
INQ-2024144,2024-09-29 14:57,2024-09,일,14시,전화,반품/교환,높음,처리완료,최현우,32.0,4.0
INQ-2024250,2024-09-30 09:51,2024-09,월,09시,이메일,기타,높음,처리중,한승호,,
INQ-2024299,2024-09-30 10:18,2024-09,월,10시,이메일,배송문의,높음,처리완료,김민지,8.0,4.0
INQ-2024963,2024-09-30 18:38,2024-09,월,18시,이메일,계정문의,높음,처리완료,최현우,16.0,4.0
INQ-2024177,2024-09-30 23:31,2024-09,월,23시,앱,결제문의,낮음,처리완료,장현석,18.0,5.0
INQ-2024814,2024-10-01 14:32,2024-10,화,14시,전화,기타,보통,처리완료,김민지,2.0,4.0
INQ-2024278,2024-10-01 15:54,2024-10,화,15시,이메일,반품/교환,보통,처리중,장현석,,
INQ-2024638,2024-10-03 06:52,2024-10,목,06시,전화,계정문의,높음,재문의,김민지,40.0,
INQ-2024581,2024-10-03 08:50,2024-10,목,08시,이메일,배송문의,낮음,처리중,한승호,,
INQ-2024214,2024-10-03 13:50,2024-10,목,13시,앱,결제문의,높음,재문의,김민지,1.0,
INQ-2024350,2024-10-03 18:19,2024-10,목,18시,카카오톡,상품문의,보통,처리완료,한승호,15.0,4.0
INQ-2024507,2024-10-04 00:06,2024-10,금,00시,전화,결제문의,보통,처리중,이재원,,
INQ-2024984,2024-10-04 00:17,2024-10,금,00시,이메일,반품/교환,낮음,처리완료,이재원,22.0,5.0
INQ-2024018,2024-10-04 09:41,2024-10,금,09시,앱,배송문의,보통,처리완료,최현우,19.0,3.0
INQ-2024352,2024-10-04 13:45,2024-10,금,13시,이메일,배송문의,높음,처리완료,윤지아,7.0,3.0
INQ-2024518,2024-10-04 21:47,2024-10,금,21시,전화,결제문의,보통,처리완료,박소연,8.0,3.0
INQ-2024650,2024-10-05 06:18,2024-10,토,06시,카카오톡,배송문의,보통,대기,이재원,,
INQ-2024923,2024-10-05 10:23,2024-10,토,10시,채팅,반품/교환,보통,처리중,최현우,,
INQ-2024865,2024-10-05 20:32,2024-10,토,20시,이메일,반품/교환,보통,처리완료,장현석,37.0,5.0
INQ-2024641,2024-10-05 23:36,2024-10,토,23시,카카오톡,배송문의,낮음,대기,장현석,,
INQ-2024104,2024-10-06 03:34,2024-10,일,03시,이메일,결제문의,보통,처리완료,김민지,23.0,4.0
INQ-2024678,2024-10-06 06:36,2024-10,일,06시,전화,배송문의,높음,처리완료,정다은,24.0,4.0
INQ-2024202,2024-10-06 21:08,2024-10,일,21시,전화,배송문의,높음,처리완료,이재원,9.0,5.0
INQ-2024845,2024-10-07 02:33,2024-10,월,02시,이메일,상품문의,낮음,처리완료,윤지아,4.0,4.0
INQ-2024617,2024-10-07 05:40,2024-10,월,05시,채팅,배송문의,보통,처리완료,정다은,28.0,5.0
INQ-2024657,2024-10-07 23:54,2024-10,월,23시,이메일,반품/교환,보통,처리완료,이재원,57.0,4.0
INQ-2024502,2024-10-08 00:36,2024-10,화,00시,카카오톡,계정문의,보통,대기,최현우,,
INQ-2024747,2024-10-09 02:06,2024-10,수,02시,채팅,반품/교환,높음,처리완료,최현우,48.0,4.0
INQ-2024159,2024-10-09 19:57,2024-10,수,19시,전화,상품문의,낮음,처리중,최현우,,
INQ-2024935,2024-10-09 21:38,2024-10,수,21시,전화,배송문의,낮음,처리중,박소연,,
INQ-2024036,2024-10-10 07:09,2024-10,목,07시,채팅,상품문의,높음,처리완료,한승호,4.0,3.0
INQ-2024272,2024-10-10 14:22,2024-10,목,14시,전화,상품문의,낮음,처리완료,장현석,3.0,4.0
INQ-2024351,2024-10-11 20:42,2024-10,금,20시,이메일,결제문의,높음,처리완료,장현석,27.0,4.0
INQ-2024153,2024-10-11 21:31,2024-10,금,21시,채팅,배송문의,낮음,처리완료,윤지아,20.0,4.0
INQ-2024669,2024-10-12 00:45,2024-10,토,00시,전화,배송문의,보통,처리완료,최현우,22.0,5.0
INQ-2024548,2024-10-12 10:58,2024-10,토,10시,앱,반품/교환,보통,처리완료,이재원,16.0,4.0
INQ-2024235,2024-10-12 19:02,2024-10,토,19시,이메일,배송문의,높음,대기,최현우,,
INQ-2024580,2024-10-12 19:55,2024-10,토,19시,채팅,반품/교환,낮음,처리완료,한승호,44.0,3.0
INQ-2024976,2024-10-12 20:57,2024-10,토,20시,이메일,반품/교환,보통,처리완료,정다은,47.0,4.0
INQ-2024232,2024-10-13 04:18,2024-10,일,04시,이메일,서비스불만,보통,처리중,김민지,,
INQ-2024066,2024-10-13 14:40,2024-10,일,14시,앱,반품/교환,보통,처리완료,최현우,29.0,5.0
INQ-2024566,2024-10-13 17:50,2024-10,일,17시,채팅,배송문의,높음,처리완료,최현우,23.0,5.0
INQ-2024508,2024-10-13 22:19,2024-10,일,22시,앱,배송문의,낮음,처리중,이재원,,
INQ-2024718,2024-10-14 07:09,2024-10,월,07시,이메일,기타,낮음,처리중,최현우,,
INQ-2024329,2024-10-15 11:11,2024-10,화,11시,앱,배송문의,보통,처리완료,한승호,1.0,4.0
INQ-2024376,2024-10-15 18:04,2024-10,화,18시,채팅,배송문의,보통,처리완료,윤지아,3.0,4.0
INQ-2024925,2024-10-15 19:13,2024-10,화,19시,전화,배송문의,낮음,처리완료,장현석,19.0,4.0
INQ-2024736,2024-10-16 02:39,2024-10,수,02시,전화,상품문의,보통,처리완료,이재원,4.0,4.0
INQ-2024293,2024-10-16 18:00,2024-10,수,18시,카카오톡,상품문의,보통,처리완료,최현우,7.0,5.0
INQ-2024349,2024-10-16 19:42,2024-10,수,19시,앱,결제문의,낮음,처리완료,이재원,25.0,5.0
INQ-2024364,2024-10-16 20:58,2024-10,수,20시,카카오톡,결제문의,높음,처리중,장현석,,
INQ-2024016,2024-10-17 02:45,2024-10,목,02시,이메일,계정문의,보통,처리완료,정다은,20.0,5.0
INQ-2024022,2024-10-17 05:46,2024-10,목,05시,이메일,배송문의,높음,처리완료,이재원,21.0,4.0
INQ-2024052,2024-10-17 09:02,2024-10,목,09시,카카오톡,배송문의,보통,처리중,윤지아,,
INQ-2024092,2024-10-17 09:05,2024-10,목,09시,전화,서비스불만,낮음,처리중,정다은,,
INQ-2024974,2024-10-18 01:34,2024-10,금,01시,이메일,상품문의,보통,처리완료,이재원,20.0,4.0
INQ-2024073,2024-10-18 06:57,2024-10,금,06시,채팅,반품/교환,보통,처리완료,이재원,27.0,4.0
INQ-2024161,2024-10-18 11:03,2024-10,금,11시,카카오톡,배송문의,높음,처리완료,최현우,1.0,4.0
INQ-2024611,2024-10-18 15:06,2024-10,금,15시,이메일,계정문의,높음,처리완료,박소연,12.0,5.0
INQ-2024031,2024-10-19 03:28,2024-10,토,03시,채팅,배송문의,보통,처리완료,김민지,3.0,4.0
INQ-2024927,2024-10-19 12:34,2024-10,토,12시,전화,반품/교환,보통,처리중,윤지아,,
INQ-2024426,2024-10-19 15:23,2024-10,토,15시,앱,결제문의,높음,처리중,한승호,,
INQ-2024764,2024-10-19 23:44,2024-10,토,23시,전화,반품/교환,보통,처리완료,장현석,40.0,5.0
INQ-2024977,2024-10-20 08:33,2024-10,일,08시,채팅,반품/교환,보통,처리완료,박소연,46.0,3.0
INQ-2024603,2024-10-20 21:16,2024-10,일,21시,전화,배송문의,보통,처리완료,장현석,8.0,3.0
INQ-2024614,2024-10-21 07:49,2024-10,월,07시,전화,상품문의,보통,처리중,박소연,,
INQ-2024053,2024-10-21 10:05,2024-10,월,10시,전화,배송문의,보통,처리완료,김민지,33.0,4.0
INQ-2024860,2024-10-21 20:54,2024-10,월,20시,전화,상품문의,보통,처리완료,이재원,1.0,3.0
INQ-2024160,2024-10-21 21:52,2024-10,월,21시,채팅,배송문의,보통,처리완료,김민지,22.0,2.0
INQ-2024392,2024-10-22 00:59,2024-10,화,00시,전화,배송문의,보통,처리완료,윤지아,17.0,5.0
INQ-2024381,2024-10-22 09:32,2024-10,화,09시,이메일,서비스불만,낮음,처리완료,최현우,52.0,4.0
INQ-2024505,2024-10-22 21:12,2024-10,화,21시,채팅,반품/교환,보통,처리완료,한승호,9.0,5.0
INQ-2024540,2024-10-23 00:26,2024-10,수,00시,카카오톡,반품/교환,높음,대기,윤지아,,
INQ-2024532,2024-10-23 16:57,2024-10,수,16시,카카오톡,계정문의,보통,처리완료,김민지,20.0,4.0
INQ-2024666,2024-10-24 02:38,2024-10,목,02시,카카오톡,결제문의,보통,처리중,최현우,,
INQ-2024947,2024-10-24 06:11,2024-10,목,06시,전화,배송문의,낮음,처리완료,최현우,17.0,3.0
INQ-2024522,2024-10-24 09:59,2024-10,목,09시,이메일,결제문의,보통,처리완료,박소연,16.0,3.0
INQ-2024862,2024-10-24 10:28,2024-10,목,10시,전화,상품문의,보통,재문의,정다은,13.0,
INQ-2024966,2024-10-24 15:14,2024-10,목,15시,전화,배송문의,보통,처리완료,최현우,10.0,2.0
INQ-2024625,2024-10-25 05:16,2024-10,금,05시,전화,계정문의,낮음,재문의,한승호,14.0,
INQ-2024366,2024-10-26 17:30,2024-10,토,17시,채팅,배송문의,보통,처리완료,김민지,20.0,4.0
INQ-2024363,2024-10-26 23:02,2024-10,토,23시,전화,배송문의,보통,처리중,정다은,,
INQ-2024606,2024-10-27 04:23,2024-10,일,04시,채팅,배송문의,낮음,처리완료,정다은,5.0,4.0
INQ-2024945,2024-10-27 04:51,2024-10,일,04시,채팅,결제문의,보통,처리완료,장현석,3.0,4.0
INQ-2024609,2024-10-27 22:02,2024-10,일,22시,카카오톡,상품문의,높음,재문의,박소연,1.0,
INQ-2024348,2024-10-28 03:17,2024-10,월,03시,카카오톡,배송문의,보통,처리중,장현석,,
INQ-2024700,2024-10-28 03:40,2024-10,월,03시,채팅,배송문의,높음,처리완료,김민지,10.0,2.0
INQ-2024613,2024-10-28 06:17,2024-10,월,06시,전화,배송문의,보통,처리완료,윤지아,16.0,4.0
INQ-2024183,2024-10-28 06:51,2024-10,월,06시,채팅,결제문의,보통,처리완료,장현석,13.0,5.0
INQ-2024374,2024-10-28 11:20,2024-10,월,11시,전화,계정문의,낮음,처리완료,최현우,23.0,5.0
INQ-2024612,2024-10-28 13:52,2024-10,월,13시,채팅,서비스불만,보통,처리완료,이재원,53.0,2.0
INQ-2024648,2024-10-28 15:36,2024-10,월,15시,전화,배송문의,낮음,처리완료,이재원,7.0,3.0
INQ-2024152,2024-10-28 21:34,2024-10,월,21시,이메일,계정문의,보통,재문의,최현우,28.0,
INQ-2024843,2024-10-30 02:36,2024-10,수,02시,이메일,상품문의,높음,처리완료,최현우,11.0,5.0
INQ-2024091,2024-10-30 10:17,2024-10,수,10시,전화,반품/교환,높음,대기,한승호,,
INQ-2024961,2024-10-30 11:10,2024-10,수,11시,전화,결제문의,낮음,처리중,장현석,,
INQ-2024831,2024-10-30 12:49,2024-10,수,12시,카카오톡,계정문의,보통,처리중,최현우,,
INQ-2024346,2024-10-30 20:15,2024-10,수,20시,전화,반품/교환,보통,처리중,정다은,,
INQ-2024965,2024-10-30 22:16,2024-10,수,22시,이메일,결제문의,낮음,처리완료,이재원,10.0,5.0
INQ-2024042,2024-11-01 11:46,2024-11,금,11시,카카오톡,배송문의,낮음,처리중,윤지아,,
INQ-2024226,2024-11-01 21:41,2024-11,금,21시,전화,반품/교환,높음,처리중,윤지아,,
INQ-2024885,2024-11-02 07:15,2024-11,토,07시,카카오톡,반품/교환,보통,처리완료,박소연,13.0,4.0
INQ-2024840,2024-11-02 13:39,2024-11,토,13시,전화,결제문의,보통,처리완료,이재원,28.0,5.0
INQ-2024117,2024-11-02 14:45,2024-11,토,14시,이메일,반품/교환,보통,처리완료,이재원,46.0,4.0
INQ-2024138,2024-11-02 23:33,2024-11,토,23시,이메일,상품문의,보통,처리완료,윤지아,1.0,4.0
INQ-2024213,2024-11-03 18:15,2024-11,일,18시,카카오톡,배송문의,보통,처리완료,박소연,10.0,4.0
INQ-2024856,2024-11-04 19:47,2024-11,월,19시,채팅,배송문의,보통,처리중,박소연,,
INQ-2024776,2024-11-05 00:19,2024-11,화,00시,전화,상품문의,보통,처리완료,최현우,4.0,4.0
INQ-2024960,2024-11-06 03:01,2024-11,수,03시,전화,배송문의,높음,대기,김민지,,
INQ-2024137,2024-11-06 23:34,2024-11,수,23시,카카오톡,기타,높음,처리완료,이재원,13.0,4.0
INQ-2024582,2024-11-07 00:13,2024-11,목,00시,채팅,배송문의,높음,처리완료,이재원,8.0,4.0
INQ-2024096,2024-11-07 20:25,2024-11,목,20시,카카오톡,계정문의,낮음,처리완료,최현우,31.0,3.0
INQ-2024094,2024-11-08 01:45,2024-11,금,01시,채팅,계정문의,높음,처리완료,정다은,7.0,5.0
INQ-2024853,2024-11-09 00:31,2024-11,토,00시,전화,상품문의,보통,처리완료,김민지,25.0,4.0
INQ-2024224,2024-11-09 12:17,2024-11,토,12시,채팅,결제문의,낮음,처리완료,최현우,1.0,3.0
INQ-2024356,2024-11-09 12:46,2024-11,토,12시,이메일,반품/교환,보통,처리완료,김민지,17.0,4.0
INQ-2024990,2024-11-12 04:41,2024-11,화,04시,카카오톡,계정문의,보통,처리완료,한승호,1.0,4.0
INQ-2024971,2024-11-12 13:26,2024-11,화,13시,카카오톡,배송문의,보통,처리중,최현우,,
INQ-2024221,2024-11-13 01:49,2024-11,수,01시,전화,배송문의,보통,대기,윤지아,,
INQ-2024577,2024-11-13 08:47,2024-11,수,08시,이메일,결제문의,보통,재문의,이재원,27.0,
INQ-2024938,2024-11-13 09:11,2024-11,수,09시,전화,상품문의,보통,처리완료,최현우,13.0,5.0
INQ-2024819,2024-11-13 09:35,2024-11,수,09시,이메일,상품문의,보통,처리완료,한승호,5.0,4.0
INQ-2024706,2024-11-13 13:18,2024-11,수,13시,카카오톡,배송문의,보통,처리완료,정다은,22.0,5.0
INQ-2024330,2024-11-13 13:20,2024-11,수,13시,카카오톡,결제문의,보통,재문의,윤지아,8.0,
INQ-2024709,2024-11-13 20:31,2024-11,수,20시,전화,서비스불만,높음,처리완료,정다은,20.0,4.0
INQ-2024946,2024-11-14 15:38,2024-11,목,15시,채팅,결제문의,보통,처리중,윤지아,,
INQ-2024740,2024-11-14 19:23,2024-11,목,19시,이메일,배송문의,보통,처리중,한승호,,
INQ-2024744,2024-11-14 20:18,2024-11,목,20시,이메일,배송문의,보통,처리중,김민지,,
INQ-2024882,2024-11-14 22:14,2024-11,목,22시,앱,결제문의,낮음,처리중,최현우,,
INQ-2024870,2024-11-15 03:46,2024-11,금,03시,이메일,배송문의,보통,처리완료,최현우,10.0,4.0
INQ-2024423,2024-11-15 19:43,2024-11,금,19시,전화,서비스불만,보통,처리완료,윤지아,33.0,5.0
INQ-2024141,2024-11-16 08:01,2024-11,토,08시,전화,배송문의,낮음,처리완료,최현우,25.0,3.0
INQ-2024434,2024-11-16 10:17,2024-11,토,10시,전화,결제문의,낮음,처리완료,이재원,7.0,4.0
INQ-2024527,2024-11-16 15:43,2024-11,토,15시,이메일,배송문의,높음,처리중,최현우,,
INQ-2024345,2024-11-16 16:45,2024-11,토,16시,이메일,상품문의,낮음,처리완료,박소연,16.0,5.0
INQ-2024917,2024-11-16 19:02,2024-11,토,19시,전화,계정문의,보통,처리완료,박소연,37.0,3.0
INQ-2024686,2024-11-16 23:12,2024-11,토,23시,전화,배송문의,보통,처리완료,최현우,13.0,3.0
INQ-2024959,2024-11-17 02:57,2024-11,일,02시,이메일,결제문의,보통,처리완료,박소연,15.0,4.0
INQ-2024795,2024-11-17 08:46,2024-11,일,08시,이메일,반품/교환,보통,대기,한승호,,
INQ-2024298,2024-11-17 16:55,2024-11,일,16시,채팅,배송문의,보통,처리완료,이재원,18.0,2.0
INQ-2024873,2024-11-18 05:21,2024-11,월,05시,앱,결제문의,보통,재문의,최현우,35.0,
INQ-2024545,2024-11-18 12:36,2024-11,월,12시,채팅,배송문의,보통,처리완료,김민지,27.0,4.0
INQ-2024913,2024-11-18 14:38,2024-11,월,14시,채팅,반품/교환,낮음,처리완료,장현석,56.0,4.0
INQ-2024781,2024-11-18 16:26,2024-11,월,16시,카카오톡,계정문의,보통,대기,윤지아,,
INQ-2024380,2024-11-19 04:22,2024-11,화,04시,이메일,계정문의,보통,처리완료,최현우,19.0,3.0
INQ-2024956,2024-11-19 15:15,2024-11,화,15시,이메일,반품/교환,낮음,처리완료,한승호,40.0,3.0
INQ-2024446,2024-11-19 18:01,2024-11,화,18시,전화,반품/교환,보통,처리완료,김민지,66.0,3.0
INQ-2024592,2024-11-19 18:09,2024-11,화,18시,전화,반품/교환,보통,처리완료,윤지아,55.0,5.0
INQ-2024825,2024-11-20 06:50,2024-11,수,06시,이메일,배송문의,낮음,대기,김민지,,
INQ-2024674,2024-11-20 08:40,2024-11,수,08시,앱,계정문의,보통,대기,한승호,,
INQ-2024404,2024-11-20 10:28,2024-11,수,10시,전화,결제문의,높음,처리중,박소연,,
INQ-2024808,2024-11-20 19:12,2024-11,수,19시,이메일,상품문의,보통,처리완료,김민지,10.0,4.0
INQ-2024996,2024-11-21 03:48,2024-11,목,03시,전화,반품/교환,보통,처리완료,윤지아,34.0,5.0
INQ-2024708,2024-11-21 08:13,2024-11,목,08시,전화,상품문의,낮음,처리완료,최현우,1.0,4.0
INQ-2024033,2024-11-22 00:52,2024-11,금,00시,카카오톡,상품문의,낮음,처리완료,이재원,8.0,5.0
INQ-2024429,2024-11-22 02:55,2024-11,금,02시,채팅,배송문의,보통,처리완료,윤지아,1.0,5.0
INQ-2024866,2024-11-22 12:16,2024-11,금,12시,전화,서비스불만,보통,처리중,박소연,,
INQ-2024914,2024-11-22 22:39,2024-11,금,22시,이메일,배송문의,낮음,처리완료,이재원,10.0,4.0
INQ-2024109,2024-11-23 06:58,2024-11,토,06시,전화,배송문의,보통,처리완료,이재원,17.0,5.0
INQ-2024516,2024-11-23 13:20,2024-11,토,13시,채팅,상품문의,보통,처리완료,김민지,12.0,4.0
INQ-2024087,2024-11-23 15:43,2024-11,토,15시,앱,반품/교환,낮음,대기,이재원,,
INQ-2024102,2024-11-24 00:37,2024-11,일,00시,이메일,결제문의,높음,처리완료,이재원,6.0,4.0
INQ-2024673,2024-11-24 01:50,2024-11,일,01시,전화,배송문의,보통,처리완료,박소연,11.0,3.0
INQ-2024269,2024-11-24 14:53,2024-11,일,14시,채팅,배송문의,낮음,처리완료,박소연,30.0,5.0
INQ-2024078,2024-11-25 01:32,2024-11,월,01시,채팅,결제문의,보통,처리완료,장현석,24.0,3.0
INQ-2024809,2024-11-25 05:02,2024-11,월,05시,이메일,배송문의,보통,처리완료,박소연,23.0,5.0
INQ-2024879,2024-11-25 12:48,2024-11,월,12시,카카오톡,상품문의,높음,처리완료,한승호,15.0,4.0
INQ-2024048,2024-11-25 18:18,2024-11,월,18시,이메일,계정문의,보통,처리완료,정다은,43.0,5.0
INQ-2024854,2024-11-25 23:12,2024-11,월,23시,앱,배송문의,낮음,처리완료,최현우,2.0,5.0
INQ-2024399,2024-11-26 01:54,2024-11,화,01시,이메일,상품문의,보통,처리완료,박소연,10.0,4.0
INQ-2024515,2024-11-26 02:20,2024-11,화,02시,채팅,배송문의,보통,처리완료,이재원,20.0,5.0
INQ-2024008,2024-11-26 08:58,2024-11,화,08시,이메일,배송문의,낮음,처리완료,이재원,13.0,4.0
INQ-2024339,2024-11-27 01:41,2024-11,수,01시,채팅,결제문의,보통,처리중,한승호,,
INQ-2024590,2024-11-27 09:11,2024-11,수,09시,채팅,상품문의,보통,처리중,윤지아,,
INQ-2024506,2024-11-28 01:20,2024-11,목,01시,앱,배송문의,낮음,처리중,한승호,,
INQ-2024172,2024-11-28 17:13,2024-11,목,17시,전화,결제문의,보통,대기,정다은,,
INQ-2024642,2024-11-28 17:17,2024-11,목,17시,채팅,서비스불만,낮음,처리중,이재원,,
INQ-2024021,2024-11-28 21:25,2024-11,목,21시,카카오톡,상품문의,낮음,대기,윤지아,,
INQ-2024732,2024-11-29 09:09,2024-11,금,09시,전화,배송문의,보통,처리완료,김민지,21.0,5.0
INQ-2024110,2024-11-29 09:20,2024-11,금,09시,전화,상품문의,높음,처리완료,김민지,15.0,3.0
INQ-2024748,2024-11-29 22:32,2024-11,금,22시,앱,배송문의,보통,처리완료,윤지아,22.0,3.0
INQ-2024452,2024-11-30 21:43,2024-11,토,21시,카카오톡,결제문의,보통,처리완료,박소연,26.0,4.0
INQ-2024529,2024-12-01 06:14,2024-12,일,06시,전화,배송문의,낮음,처리완료,이재원,27.0,5.0
INQ-2024135,2024-12-01 21:44,2024-12,일,21시,이메일,상품문의,높음,처리완료,박소연,15.0,4.0
INQ-2024340,2024-12-01 23:31,2024-12,일,23시,카카오톡,반품/교환,낮음,처리완료,김민지,26.0,3.0
INQ-2024139,2024-12-02 00:13,2024-12,월,00시,채팅,상품문의,낮음,처리중,이재원,,
INQ-2024738,2024-12-02 14:45,2024-12,월,14시,전화,반품/교환,보통,처리중,한승호,,
INQ-2024761,2024-12-02 15:23,2024-12,월,15시,채팅,계정문의,보통,처리완료,최현우,9.0,5.0
INQ-2024897,2024-12-02 18:04,2024-12,월,18시,전화,결제문의,낮음,처리중,윤지아,,
INQ-2024217,2024-12-02 19:20,2024-12,월,19시,채팅,상품문의,보통,처리완료,박소연,9.0,5.0
INQ-2024526,2024-12-02 22:08,2024-12,월,22시,채팅,반품/교환,높음,재문의,이재원,52.0,
INQ-2024775,2024-12-03 02:04,2024-12,화,02시,카카오톡,결제문의,보통,처리완료,김민지,40.0,3.0
INQ-2024223,2024-12-03 17:23,2024-12,화,17시,전화,배송문의,높음,처리중,최현우,,
INQ-2024832,2024-12-03 18:10,2024-12,화,18시,이메일,결제문의,보통,처리완료,이재원,10.0,4.0
INQ-2024143,2024-12-04 04:30,2024-12,수,04시,앱,배송문의,낮음,처리완료,장현석,13.0,3.0
INQ-2024222,2024-12-04 04:31,2024-12,수,04시,전화,반품/교환,보통,처리중,정다은,,
INQ-2024544,2024-12-05 11:03,2024-12,목,11시,전화,상품문의,보통,재문의,정다은,2.0,
INQ-2024933,2024-12-06 11:38,2024-12,금,11시,이메일,상품문의,높음,재문의,이재원,1.0,
INQ-2024300,2024-12-07 02:06,2024-12,토,02시,채팅,배송문의,낮음,처리완료,최현우,4.0,4.0
INQ-2024237,2024-12-07 05:39,2024-12,토,05시,앱,상품문의,낮음,처리완료,장현석,10.0,4.0
INQ-2024777,2024-12-07 08:57,2024-12,토,08시,전화,상품문의,낮음,처리중,박소연,,
INQ-2024409,2024-12-07 15:25,2024-12,토,15시,채팅,반품/교환,높음,처리완료,장현석,24.0,5.0
INQ-2024236,2024-12-08 00:08,2024-12,일,00시,채팅,상품문의,높음,처리중,윤지아,,
INQ-2024644,2024-12-08 07:15,2024-12,일,07시,채팅,반품/교환,낮음,처리완료,윤지아,45.0,2.0
INQ-2024716,2024-12-08 07:22,2024-12,일,07시,채팅,서비스불만,보통,처리완료,윤지아,23.0,4.0
INQ-2024892,2024-12-09 13:23,2024-12,월,13시,채팅,결제문의,높음,처리완료,한승호,13.0,4.0
INQ-2024711,2024-12-09 20:14,2024-12,월,20시,전화,반품/교환,보통,대기,한승호,,
INQ-2024683,2024-12-09 22:07,2024-12,월,22시,전화,배송문의,보통,처리완료,한승호,7.0,5.0
INQ-2024731,2024-12-09 23:53,2024-12,월,23시,채팅,배송문의,보통,처리완료,이재원,20.0,4.0
INQ-2024197,2024-12-10 04:15,2024-12,화,04시,카카오톡,상품문의,보통,대기,최현우,,
INQ-2024749,2024-12-10 15:14,2024-12,화,15시,전화,배송문의,낮음,처리중,윤지아,,
INQ-2024786,2024-12-10 20:27,2024-12,화,20시,카카오톡,반품/교환,보통,처리완료,박소연,57.0,3.0
INQ-2024661,2024-12-11 00:45,2024-12,수,00시,채팅,계정문의,낮음,재문의,정다은,25.0,
INQ-2024039,2024-12-11 18:59,2024-12,수,18시,채팅,반품/교환,높음,처리완료,김민지,36.0,4.0
INQ-2024936,2024-12-12 07:00,2024-12,목,07시,채팅,배송문의,보통,처리완료,이재원,32.0,3.0
INQ-2024436,2024-12-12 08:07,2024-12,목,08시,채팅,배송문의,높음,처리중,최현우,,
INQ-2024114,2024-12-12 11:32,2024-12,목,11시,이메일,결제문의,보통,처리완료,정다은,3.0,4.0
INQ-2024583,2024-12-12 12:56,2024-12,목,12시,이메일,결제문의,보통,처리완료,최현우,7.0,4.0
INQ-2024266,2024-12-12 14:03,2024-12,목,14시,채팅,결제문의,보통,처리완료,박소연,10.0,4.0
INQ-2024877,2024-12-13 05:50,2024-12,금,05시,전화,서비스불만,보통,처리완료,정다은,27.0,3.0
INQ-2024739,2024-12-13 07:40,2024-12,금,07시,이메일,상품문의,높음,처리완료,윤지아,11.0,4.0
INQ-2024285,2024-12-13 09:56,2024-12,금,09시,이메일,배송문의,높음,처리완료,정다은,13.0,5.0
INQ-2024510,2024-12-13 10:30,2024-12,금,10시,채팅,기타,낮음,처리완료,한승호,14.0,4.0
INQ-2024741,2024-12-13 15:22,2024-12,금,15시,카카오톡,반품/교환,보통,처리중,한승호,,
INQ-2024796,2024-12-13 15:40,2024-12,금,15시,전화,배송문의,보통,처리완료,정다은,25.0,5.0
INQ-2024275,2024-12-13 16:31,2024-12,금,16시,이메일,상품문의,낮음,재문의,한승호,15.0,
INQ-2024308,2024-12-14 01:08,2024-12,토,01시,카카오톡,배송문의,낮음,처리중,윤지아,,
INQ-2024082,2024-12-15 04:18,2024-12,일,04시,카카오톡,반품/교환,보통,처리완료,최현우,22.0,4.0
INQ-2024035,2024-12-15 12:24,2024-12,일,12시,카카오톡,반품/교환,낮음,처리완료,이재원,29.0,5.0
INQ-2024573,2024-12-15 16:50,2024-12,일,16시,전화,결제문의,높음,처리완료,이재원,26.0,5.0
INQ-2024957,2024-12-16 01:33,2024-12,월,01시,채팅,계정문의,낮음,처리완료,정다은,26.0,4.0
INQ-2024458,2024-12-16 23:13,2024-12,월,23시,이메일,서비스불만,낮음,처리중,박소연,,
INQ-2024995,2024-12-17 09:21,2024-12,화,09시,채팅,결제문의,낮음,처리완료,박소연,2.0,4.0
INQ-2024227,2024-12-17 21:33,2024-12,화,21시,이메일,결제문의,보통,처리완료,박소연,18.0,4.0
INQ-2024297,2024-12-18 09:27,2024-12,수,09시,전화,배송문의,낮음,처리중,정다은,,
INQ-2024252,2024-12-18 22:30,2024-12,수,22시,이메일,서비스불만,보통,처리완료,박소연,31.0,3.0
INQ-2024248,2024-12-19 01:59,2024-12,목,01시,이메일,배송문의,보통,처리완료,김민지,17.0,3.0
INQ-2024463,2024-12-19 04:31,2024-12,목,04시,전화,배송문의,보통,대기,박소연,,
INQ-2024640,2024-12-19 04:44,2024-12,목,04시,채팅,서비스불만,보통,처리완료,한승호,28.0,3.0
INQ-2024410,2024-12-19 22:09,2024-12,목,22시,전화,상품문의,보통,재문의,이재원,6.0,
INQ-2024098,2024-12-19 23:02,2024-12,목,23시,전화,서비스불만,보통,처리완료,한승호,48.0,3.0
INQ-2024026,2024-12-21 18:36,2024-12,토,18시,앱,반품/교환,높음,처리완료,이재원,39.0,5.0
INQ-2024816,2024-12-22 06:23,2024-12,일,06시,앱,계정문의,보통,재문의,김민지,12.0,
INQ-2024411,2024-12-22 08:43,2024-12,일,08시,앱,반품/교환,보통,처리중,한승호,,
INQ-2024441,2024-12-22 10:41,2024-12,일,10시,전화,결제문의,보통,처리완료,이재원,3.0,4.0
INQ-2024400,2024-12-22 19:48,2024-12,일,19시,채팅,배송문의,낮음,처리중,정다은,,
INQ-2024085,2024-12-22 21:37,2024-12,일,21시,전화,결제문의,보통,처리완료,이재원,2.0,4.0
INQ-2024944,2024-12-23 09:41,2024-12,월,09시,채팅,기타,높음,처리완료,윤지아,11.0,5.0
INQ-2024772,2024-12-24 02:36,2024-12,화,02시,이메일,결제문의,높음,처리중,윤지아,,
INQ-2024343,2024-12-24 04:57,2024-12,화,04시,전화,계정문의,높음,처리완료,김민지,23.0,3.0
INQ-2024187,2024-12-25 06:12,2024-12,수,06시,전화,서비스불만,보통,처리완료,윤지아,21.0,3.0
INQ-2024326,2024-12-25 19:08,2024-12,수,19시,채팅,상품문의,높음,처리완료,박소연,5.0,5.0
INQ-2024075,2024-12-26 05:36,2024-12,목,05시,전화,상품문의,높음,처리완료,윤지아,1.0,3.0
INQ-2024470,2024-12-26 08:33,2024-12,목,08시,앱,반품/교환,낮음,재문의,김민지,19.0,
INQ-2024246,2024-12-26 10:20,2024-12,목,10시,채팅,결제문의,보통,처리중,이재원,,
INQ-2024373,2024-12-27 05:23,2024-12,금,05시,앱,배송문의,보통,처리중,최현우,,
INQ-2024525,2024-12-27 23:42,2024-12,금,23시,카카오톡,결제문의,높음,처리중,장현석,,
INQ-2024530,2024-12-28 05:42,2024-12,토,05시,전화,상품문의,높음,처리완료,최현우,6.0,3.0
INQ-2024909,2024-12-28 07:03,2024-12,토,07시,이메일,계정문의,높음,처리완료,박소연,12.0,4.0
INQ-2024394,2024-12-28 22:17,2024-12,토,22시,채팅,배송문의,보통,처리완료,한승호,17.0,3.0
INQ-2024105,2024-12-29 02:43,2024-12,일,02시,전화,기타,보통,처리완료,최현우,12.0,5.0
INQ-2024836,2024-12-29 11:54,2024-12,일,11시,채팅,기타,보통,처리완료,한승호,15.0,5.0
INQ-2024281,2024-12-30 10:42,2024-12,월,10시,전화,배송문의,낮음,처리완료,최현우,5.0,4.0
INQ-2024787,2024-12-30 14:10,2024-12,월,14시,전화,배송문의,낮음,처리중,윤지아,,
INQ-2024503,2024-12-31 05:30,2024-12,화,05시,카카오톡,배송문의,보통,처리완료,최현우,8.0,5.0
INQ-2024955,2024-12-31 10:17,2024-12,화,10시,채팅,서비스불만,보통,처리완료,장현석,56.0,2.0
INQ-2024043,2024-12-31 15:57,2024-12,화,15시,전화,배송문의,낮음,처리완료,박소연,1.0,4.0
